match_id,season,matchday,date,status,home_team,home_team_short,home_team_tla,away_team,away_team_short,away_team_tla,home_goals_ft,away_goals_ft,home_goals_ht,away_goals_ht,result,referee
438482,2023,1,2023-08-11,FINISHED,UD Almería,Almería,ALM,Rayo Vallecano de Madrid,Rayo Vallecano,RAY,0,2,0,2,AWAY_TEAM,Javier Alberola Rojas
438479,2023,1,2023-08-11,FINISHED,Sevilla FC,Sevilla FC,SEV,Valencia CF,Valencia,VAL,1,2,0,0,AWAY_TEAM,José Sánchez Martínez
438481,2023,1,2023-08-12,FINISHED,Real Sociedad de Fútbol,Real Sociedad,RSO,Girona FC,Girona,GIR,1,1,1,0,DRAW,Francisco Hernández Maeso
438483,2023,1,2023-08-12,FINISHED,UD Las Palmas,Las Palmas,LPA,RCD Mallorca,Mallorca,MAL,1,1,1,0,DRAW,Víctor García Verdura
438474,2023,1,2023-08-12,FINISHED,Athletic Club,Athletic,ATH,Real Madrid CF,Real Madrid,RMA,0,2,0,2,AWAY_TEAM,Jesús Gil Manzano
438476,2023,1,2023-08-13,FINISHED,RC Celta de Vigo,Celta,CEL,CA Osasuna,Osasuna,OSA,0,2,0,1,AWAY_TEAM,Pablo González Fuertes
438480,2023,1,2023-08-13,FINISHED,Villarreal CF,Villarreal,VIL,Real Betis Balompié,Real Betis,BET,1,2,0,1,AWAY_TEAM,Miguel Ortiz Arias
438478,2023,1,2023-08-13,FINISHED,Getafe CF,Getafe,GET,FC Barcelona,Barça,FCB,0,0,0,0,DRAW,César Soto Grado
438477,2023,1,2023-08-14,FINISHED,Cádiz CF,Cádiz CF,CAD,Deportivo Alavés,Alavés,ALA,1,0,1,0,HOME_TEAM,Isidro Díaz de Mera
438475,2023,1,2023-08-14,FINISHED,Club Atlético de Madrid,Atleti,ATL,Granada CF,Granada,GRA,3,1,1,0,HOME_TEAM,Juan Pulido Santana
438491,2023,2,2023-08-18,FINISHED,RCD Mallorca,Mallorca,MAL,Villarreal CF,Villarreal,VIL,0,1,0,0,AWAY_TEAM,Javier Alberola Rojas
438490,2023,2,2023-08-18,FINISHED,Valencia CF,Valencia,VAL,UD Las Palmas,Las Palmas,LPA,1,0,0,0,HOME_TEAM,Javier Iglesias Villanueva
438492,2023,2,2023-08-19,FINISHED,Real Sociedad de Fútbol,Real Sociedad,RSO,RC Celta de Vigo,Celta,CEL,1,1,1,0,DRAW,Miguel Ortiz Arias
438493,2023,2,2023-08-19,FINISHED,UD Almería,Almería,ALM,Real Madrid CF,Real Madrid,RMA,1,3,1,1,AWAY_TEAM,José Sánchez Martínez
438485,2023,2,2023-08-19,FINISHED,CA Osasuna,Osasuna,OSA,Athletic Club,Athletic,ATH,0,2,0,2,AWAY_TEAM,José Munuera Montero
438488,2023,2,2023-08-20,FINISHED,Girona FC,Girona,GIR,Getafe CF,Getafe,GET,3,0,1,0,HOME_TEAM,Jorge Figueroa Vázquez
438487,2023,2,2023-08-20,FINISHED,FC Barcelona,Barça,FCB,Cádiz CF,Cádiz CF,CAD,2,0,0,0,HOME_TEAM,Alejandro Muñiz Ruiz
438484,2023,2,2023-08-20,FINISHED,Real Betis Balompié,Real Betis,BET,Club Atlético de Madrid,Atleti,ATL,0,0,0,0,DRAW,Ricardo de Burgos
438486,2023,2,2023-08-21,FINISHED,Deportivo Alavés,Alavés,ALA,Sevilla FC,Sevilla FC,SEV,4,3,2,2,HOME_TEAM,Guillermo Cuadra Fernández
438489,2023,2,2023-08-21,FINISHED,Granada CF,Granada,GRA,Rayo Vallecano de Madrid,Rayo Vallecano,RAY,0,2,0,0,AWAY_TEAM,Pablo González Fuertes
438503,2023,3,2023-08-25,FINISHED,UD Las Palmas,Las Palmas,LPA,Real Sociedad de Fútbol,Real Sociedad,RSO,0,0,0,0,DRAW,Guillermo Cuadra Fernández
438495,2023,3,2023-08-25,FINISHED,RC Celta de Vigo,Celta,CEL,Real Madrid CF,Real Madrid,RMA,0,1,0,0,AWAY_TEAM,Isidro Díaz de Mera
438496,2023,3,2023-08-26,FINISHED,Cádiz CF,Cádiz CF,CAD,UD Almería,Almería,ALM,1,1,0,0,DRAW,Víctor García Verdura
438498,2023,3,2023-08-26,FINISHED,Granada CF,Granada,GRA,RCD Mallorca,Mallorca,MAL,3,2,1,1,HOME_TEAM,Francisco Hernández Maeso
438499,2023,3,2023-08-26,FINISHED,Sevilla FC,Sevilla FC,SEV,Girona FC,Girona,GIR,1,2,1,1,AWAY_TEAM,Jesús Gil Manzano
438501,2023,3,2023-08-27,FINISHED,Villarreal CF,Villarreal,VIL,FC Barcelona,Barça,FCB,3,4,2,2,AWAY_TEAM,Alejandro Hernández Hernández
438500,2023,3,2023-08-27,FINISHED,Valencia CF,Valencia,VAL,CA Osasuna,Osasuna,OSA,1,2,0,1,AWAY_TEAM,Juan Pulido Santana
438494,2023,3,2023-08-27,FINISHED,Athletic Club,Athletic,ATH,Real Betis Balompié,Real Betis,BET,4,2,3,2,HOME_TEAM,César Soto Grado
438497,2023,3,2023-08-28,FINISHED,Getafe CF,Getafe,GET,Deportivo Alavés,Alavés,ALA,1,0,0,0,HOME_TEAM,Juan Martínez Munuera
438502,2023,3,2023-08-28,FINISHED,Rayo Vallecano de Madrid,Rayo Vallecano,RAY,Club Atlético de Madrid,Atleti,ATL,0,7,0,3,AWAY_TEAM,José Munuera Montero
438508,2023,4,2023-09-01,FINISHED,Cádiz CF,Cádiz CF,CAD,Villarreal CF,Villarreal,VIL,3,1,2,1,HOME_TEAM,Juan Pulido Santana
438513,2023,4,2023-09-01,FINISHED,UD Almería,Almería,ALM,RC Celta de Vigo,Celta,CEL,2,3,0,2,AWAY_TEAM,Ricardo de Burgos
438512,2023,4,2023-09-02,FINISHED,Real Sociedad de Fútbol,Real Sociedad,RSO,Granada CF,Granada,GRA,5,3,2,1,HOME_TEAM,Javier Iglesias Villanueva
438511,2023,4,2023-09-02,FINISHED,Real Madrid CF,Real Madrid,RMA,Getafe CF,Getafe,GET,2,1,0,1,HOME_TEAM,Mario Melero López
438507,2023,4,2023-09-02,FINISHED,Deportivo Alavés,Alavés,ALA,Valencia CF,Valencia,VAL,1,0,1,0,HOME_TEAM,Pablo González Fuertes
438505,2023,4,2023-09-02,FINISHED,Real Betis Balompié,Real Betis,BET,Rayo Vallecano de Madrid,Rayo Vallecano,RAY,1,0,0,0,HOME_TEAM,Alejandro Muñiz Ruiz
438509,2023,4,2023-09-03,FINISHED,Girona FC,Girona,GIR,UD Las Palmas,Las Palmas,LPA,1,0,0,0,HOME_TEAM,Mateo Busquets Ferrer
438510,2023,4,2023-09-03,FINISHED,RCD Mallorca,Mallorca,MAL,Athletic Club,Athletic,ATH,0,0,0,0,DRAW,Jorge Figueroa Vázquez
438506,2023,4,2023-09-03,FINISHED,CA Osasuna,Osasuna,OSA,FC Barcelona,Barça,FCB,1,2,0,1,AWAY_TEAM,Miguel Ortiz Arias
438522,2023,5,2023-09-15,FINISHED,Rayo Vallecano de Madrid,Rayo Vallecano,RAY,Deportivo Alavés,Alavés,ALA,2,0,1,0,HOME_TEAM,Víctor García Verdura
438514,2023,5,2023-09-16,FINISHED,Athletic Club,Athletic,ATH,Cádiz CF,Cádiz CF,CAD,3,0,0,0,HOME_TEAM,Guillermo Cuadra Fernández
438520,2023,5,2023-09-16,FINISHED,Valencia CF,Valencia,VAL,Club Atlético de Madrid,Atleti,ATL,3,0,2,0,HOME_TEAM,Jesús Gil Manzano
438515,2023,5,2023-09-16,FINISHED,RC Celta de Vigo,Celta,CEL,RCD Mallorca,Mallorca,MAL,0,1,0,0,AWAY_TEAM,José Munuera Montero
438516,2023,5,2023-09-16,FINISHED,FC Barcelona,Barça,FCB,Real Betis Balompié,Real Betis,BET,5,0,2,0,HOME_TEAM,José Sánchez Martínez
438517,2023,5,2023-09-17,FINISHED,Getafe CF,Getafe,GET,CA Osasuna,Osasuna,OSA,3,2,1,1,HOME_TEAM,Alejandro Hernández Hernández
438521,2023,5,2023-09-17,FINISHED,Villarreal CF,Villarreal,VIL,UD Almería,Almería,ALM,2,1,1,1,HOME_TEAM,Francisco Hernández Maeso
438519,2023,5,2023-09-17,FINISHED,Sevilla FC,Sevilla FC,SEV,UD Las Palmas,Las Palmas,LPA,1,0,0,0,HOME_TEAM,Juan Martínez Munuera
438523,2023,5,2023-09-17,FINISHED,Real Madrid CF,Real Madrid,RMA,Real Sociedad de Fútbol,Real Sociedad,RSO,2,1,0,1,HOME_TEAM,César Soto Grado
438518,2023,5,2023-09-18,FINISHED,Granada CF,Granada,GRA,Girona FC,Girona,GIR,2,4,0,3,AWAY_TEAM,Isidro Díaz de Mera
438527,2023,6,2023-09-22,FINISHED,Deportivo Alavés,Alavés,ALA,Athletic Club,Athletic,ATH,0,2,0,1,AWAY_TEAM,Alejandro Muñiz Ruiz
438529,2023,6,2023-09-23,FINISHED,Girona FC,Girona,GIR,RCD Mallorca,Mallorca,MAL,5,3,4,1,HOME_TEAM,Pablo González Fuertes
438526,2023,6,2023-09-23,FINISHED,CA Osasuna,Osasuna,OSA,Sevilla FC,Sevilla FC,SEV,0,0,0,0,DRAW,Javier Iglesias Villanueva
438528,2023,6,2023-09-23,FINISHED,FC Barcelona,Barça,FCB,RC Celta de Vigo,Celta,CEL,3,2,0,1,HOME_TEAM,Mario Melero López
438532,2023,6,2023-09-23,FINISHED,UD Almería,Almería,ALM,Valencia CF,Valencia,VAL,2,2,0,1,DRAW,Mateo Busquets Ferrer
438531,2023,6,2023-09-24,FINISHED,Real Sociedad de Fútbol,Real Sociedad,RSO,Getafe CF,Getafe,GET,4,3,1,2,HOME_TEAM,Juan Pulido Santana
438530,2023,6,2023-09-24,FINISHED,Rayo Vallecano de Madrid,Rayo Vallecano,RAY,Villarreal CF,Villarreal,VIL,1,1,1,1,DRAW,Jorge Figueroa Vázquez
438533,2023,6,2023-09-24,FINISHED,UD Las Palmas,Las Palmas,LPA,Granada CF,Granada,GRA,1,0,0,0,HOME_TEAM,Ricardo de Burgos
438525,2023,6,2023-09-24,FINISHED,Real Betis Balompié,Real Betis,BET,Cádiz CF,Cádiz CF,CAD,1,1,0,1,DRAW,Miguel Ortiz Arias
438524,2023,6,2023-09-24,FINISHED,Club Atlético de Madrid,Atleti,ATL,Real Madrid CF,Real Madrid,RMA,3,1,2,1,HOME_TEAM,Javier Alberola Rojas
438539,2023,7,2023-09-26,FINISHED,Sevilla FC,Sevilla FC,SEV,UD Almería,Almería,ALM,5,1,3,0,HOME_TEAM,Guillermo Cuadra Fernández
438542,2023,7,2023-09-26,FINISHED,RCD Mallorca,Mallorca,MAL,FC Barcelona,Barça,FCB,2,2,2,1,DRAW,Alejandro Muñiz Ruiz
438534,2023,7,2023-09-27,FINISHED,Athletic Club,Athletic,ATH,Getafe CF,Getafe,GET,2,2,1,0,DRAW,Isidro Díaz de Mera
438541,2023,7,2023-09-27,FINISHED,Villarreal CF,Villarreal,VIL,Girona FC,Girona,GIR,1,2,0,0,AWAY_TEAM,José Sánchez Martínez
438543,2023,7,2023-09-27,FINISHED,Real Madrid CF,Real Madrid,RMA,UD Las Palmas,Las Palmas,LPA,2,0,1,0,HOME_TEAM,José Munuera Montero
438537,2023,7,2023-09-27,FINISHED,Cádiz CF,Cádiz CF,CAD,Rayo Vallecano de Madrid,Rayo Vallecano,RAY,0,0,0,0,DRAW,Francisco Hernández Maeso
438540,2023,7,2023-09-27,FINISHED,Valencia CF,Valencia,VAL,Real Sociedad de Fútbol,Real Sociedad,RSO,0,1,0,1,AWAY_TEAM,Alejandro Hernández Hernández
438536,2023,7,2023-09-28,FINISHED,RC Celta de Vigo,Celta,CEL,Deportivo Alavés,Alavés,ALA,1,1,1,0,DRAW,César Soto Grado
438538,2023,7,2023-09-28,FINISHED,Granada CF,Granada,GRA,Real Betis Balompié,Real Betis,BET,1,1,0,0,DRAW,Víctor García Verdura
438535,2023,7,2023-09-28,FINISHED,CA Osasuna,Osasuna,OSA,Club Atlético de Madrid,Atleti,ATL,0,2,0,1,AWAY_TEAM,Juan Martínez Munuera
438547,2023,8,2023-09-29,FINISHED,FC Barcelona,Barça,FCB,Sevilla FC,Sevilla FC,SEV,1,0,0,0,HOME_TEAM,Miguel Ortiz Arias
438548,2023,8,2023-09-30,FINISHED,Getafe CF,Getafe,GET,Villarreal CF,Villarreal,VIL,0,0,0,0,DRAW,Mateo Busquets Ferrer
438550,2023,8,2023-09-30,FINISHED,Rayo Vallecano de Madrid,Rayo Vallecano,RAY,RCD Mallorca,Mallorca,MAL,2,2,1,1,DRAW,Mario Melero López
438549,2023,8,2023-09-30,FINISHED,Girona FC,Girona,GIR,Real Madrid CF,Real Madrid,RMA,0,3,0,2,AWAY_TEAM,Juan Pulido Santana
438551,2023,8,2023-09-30,FINISHED,Real Sociedad de Fútbol,Real Sociedad,RSO,Athletic Club,Athletic,ATH,3,0,1,0,HOME_TEAM,Jesús Gil Manzano
438552,2023,8,2023-10-01,FINISHED,UD Almería,Almería,ALM,Granada CF,Granada,GRA,3,3,3,0,DRAW,Pablo González Fuertes
438546,2023,8,2023-10-01,FINISHED,Deportivo Alavés,Alavés,ALA,CA Osasuna,Osasuna,OSA,0,2,0,1,AWAY_TEAM,Jorge Figueroa Vázquez
438544,2023,8,2023-10-01,FINISHED,Club Atlético de Madrid,Atleti,ATL,Cádiz CF,Cádiz CF,CAD,3,2,1,2,HOME_TEAM,Javier Iglesias Villanueva
438545,2023,8,2023-10-01,FINISHED,Real Betis Balompié,Real Betis,BET,Valencia CF,Valencia,VAL,3,0,1,0,HOME_TEAM,Ricardo de Burgos
438553,2023,8,2023-10-02,FINISHED,UD Las Palmas,Las Palmas,LPA,RC Celta de Vigo,Celta,CEL,2,1,0,0,HOME_TEAM,Javier Alberola Rojas
438554,2023,9,2023-10-06,FINISHED,Athletic Club,Athletic,ATH,UD Almería,Almería,ALM,3,0,1,0,HOME_TEAM,Víctor García Verdura
438558,2023,9,2023-10-07,FINISHED,Cádiz CF,Cádiz CF,CAD,Girona FC,Girona,GIR,0,1,0,0,AWAY_TEAM,Juan Martínez Munuera
438563,2023,9,2023-10-07,FINISHED,Real Madrid CF,Real Madrid,RMA,CA Osasuna,Osasuna,OSA,4,0,1,0,HOME_TEAM,Guillermo Cuadra Fernández
438562,2023,9,2023-10-07,FINISHED,RCD Mallorca,Mallorca,MAL,Valencia CF,Valencia,VAL,1,1,1,1,DRAW,Francisco Hernández Maeso
438560,2023,9,2023-10-07,FINISHED,Sevilla FC,Sevilla FC,SEV,Rayo Vallecano de Madrid,Rayo Vallecano,RAY,2,2,0,2,DRAW,Isidro Díaz de Mera
438561,2023,9,2023-10-08,FINISHED,Villarreal CF,Villarreal,VIL,UD Las Palmas,Las Palmas,LPA,1,2,0,1,AWAY_TEAM,Alejandro Muñiz Ruiz
438555,2023,9,2023-10-08,FINISHED,Club Atlético de Madrid,Atleti,ATL,Real Sociedad de Fútbol,Real Sociedad,RSO,2,1,1,0,HOME_TEAM,José Munuera Montero
438556,2023,9,2023-10-08,FINISHED,RC Celta de Vigo,Celta,CEL,Getafe CF,Getafe,GET,2,2,2,2,DRAW,José Sánchez Martínez
438557,2023,9,2023-10-08,FINISHED,Deportivo Alavés,Alavés,ALA,Real Betis Balompié,Real Betis,BET,1,1,1,1,DRAW,Alejandro Hernández Hernández
438559,2023,9,2023-10-08,FINISHED,Granada CF,Granada,GRA,FC Barcelona,Barça,FCB,2,2,2,1,DRAW,César Soto Grado
438564,2023,10,2023-10-20,FINISHED,CA Osasuna,Osasuna,OSA,Granada CF,Granada,GRA,2,0,1,0,HOME_TEAM,Mateo Busquets Ferrer
438572,2023,10,2023-10-21,FINISHED,Real Sociedad de Fútbol,Real Sociedad,RSO,RCD Mallorca,Mallorca,MAL,1,0,0,0,HOME_TEAM,Jorge Figueroa Vázquez
438567,2023,10,2023-10-21,FINISHED,Getafe CF,Getafe,GET,Real Betis Balompié,Real Betis,BET,1,1,1,1,DRAW,César Soto Grado
438569,2023,10,2023-10-21,FINISHED,Sevilla FC,Sevilla FC,SEV,Real Madrid CF,Real Madrid,RMA,1,1,0,0,DRAW,Ricardo de Burgos
438565,2023,10,2023-10-21,FINISHED,RC Celta de Vigo,Celta,CEL,Club Atlético de Madrid,Atleti,ATL,0,3,0,1,AWAY_TEAM,Guillermo Cuadra Fernández
438573,2023,10,2023-10-22,FINISHED,UD Las Palmas,Las Palmas,LPA,Rayo Vallecano de Madrid,Rayo Vallecano,RAY,0,1,0,0,AWAY_TEAM,Javier Iglesias Villanueva
438568,2023,10,2023-10-22,FINISHED,Girona FC,Girona,GIR,UD Almería,Almería,ALM,5,2,3,2,HOME_TEAM,Miguel Ortiz Arias
438571,2023,10,2023-10-22,FINISHED,Villarreal CF,Villarreal,VIL,Deportivo Alavés,Alavés,ALA,1,1,0,0,DRAW,Jesús Gil Manzano
438566,2023,10,2023-10-22,FINISHED,FC Barcelona,Barça,FCB,Athletic Club,Athletic,ATH,1,0,0,0,HOME_TEAM,Juan Martínez Munuera
438570,2023,10,2023-10-23,FINISHED,Valencia CF,Valencia,VAL,Cádiz CF,Cádiz CF,CAD,2,0,2,0,HOME_TEAM,Pablo González Fuertes
438579,2023,11,2023-10-27,FINISHED,Girona FC,Girona,GIR,RC Celta de Vigo,Celta,CEL,1,0,0,0,HOME_TEAM,Isidro Díaz de Mera
438583,2023,11,2023-10-28,FINISHED,UD Almería,Almería,ALM,UD Las Palmas,Las Palmas,LPA,1,2,0,1,AWAY_TEAM,Francisco Hernández Maeso
438577,2023,11,2023-10-28,FINISHED,FC Barcelona,Barça,FCB,Real Madrid CF,Real Madrid,RMA,1,2,1,0,AWAY_TEAM,Jesús Gil Manzano
438582,2023,11,2023-10-28,FINISHED,RCD Mallorca,Mallorca,MAL,Getafe CF,Getafe,GET,0,0,0,0,DRAW,Pablo González Fuertes
438578,2023,11,2023-10-28,FINISHED,Cádiz CF,Cádiz CF,CAD,Sevilla FC,Sevilla FC,SEV,2,2,2,1,DRAW,César Soto Grado
438576,2023,11,2023-10-29,FINISHED,Real Betis Balompié,Real Betis,BET,CA Osasuna,Osasuna,OSA,2,1,1,0,HOME_TEAM,José Sánchez Martínez
438581,2023,11,2023-10-29,FINISHED,Rayo Vallecano de Madrid,Rayo Vallecano,RAY,Real Sociedad de Fútbol,Real Sociedad,RSO,2,2,1,1,DRAW,Mateo Busquets Ferrer
438574,2023,11,2023-10-29,FINISHED,Athletic Club,Athletic,ATH,Valencia CF,Valencia,VAL,2,2,1,0,DRAW,Jorge Figueroa Vázquez
438575,2023,11,2023-10-29,FINISHED,Club Atlético de Madrid,Atleti,ATL,Deportivo Alavés,Alavés,ALA,2,1,2,0,HOME_TEAM,Alejandro Muñiz Ruiz
438580,2023,11,2023-10-30,FINISHED,Granada CF,Granada,GRA,Villarreal CF,Villarreal,VIL,2,3,2,3,AWAY_TEAM,Javier Iglesias Villanueva
438593,2023,12,2023-11-03,FINISHED,UD Las Palmas,Las Palmas,LPA,Club Atlético de Madrid,Atleti,ATL,2,1,0,0,HOME_TEAM,Mario Melero López
438585,2023,12,2023-11-04,FINISHED,CA Osasuna,Osasuna,OSA,Girona FC,Girona,GIR,2,4,1,1,AWAY_TEAM,José Munuera Montero
438584,2023,12,2023-11-04,FINISHED,Real Betis Balompié,Real Betis,BET,RCD Mallorca,Mallorca,MAL,2,0,1,0,HOME_TEAM,Miguel Ortiz Arias
438586,2023,12,2023-11-04,FINISHED,RC Celta de Vigo,Celta,CEL,Sevilla FC,Sevilla FC,SEV,1,1,1,0,DRAW,Alejandro Hernández Hernández
438592,2023,12,2023-11-04,FINISHED,Real Sociedad de Fútbol,Real Sociedad,RSO,FC Barcelona,Barça,FCB,0,1,0,0,AWAY_TEAM,Javier Alberola Rojas
438587,2023,12,2023-11-05,FINISHED,Deportivo Alavés,Alavés,ALA,UD Almería,Almería,ALM,1,0,0,0,HOME_TEAM,Juan Pulido Santana
438589,2023,12,2023-11-05,FINISHED,Valencia CF,Valencia,VAL,Granada CF,Granada,GRA,1,0,1,0,HOME_TEAM,Víctor García Verdura
438590,2023,12,2023-11-05,FINISHED,Villarreal CF,Villarreal,VIL,Athletic Club,Athletic,ATH,2,3,0,3,AWAY_TEAM,Guillermo Cuadra Fernández
438591,2023,12,2023-11-05,FINISHED,Real Madrid CF,Real Madrid,RMA,Rayo Vallecano de Madrid,Rayo Vallecano,RAY,0,0,0,0,DRAW,Juan Martínez Munuera
438588,2023,12,2023-11-06,FINISHED,Getafe CF,Getafe,GET,Cádiz CF,Cádiz CF,CAD,1,0,0,0,HOME_TEAM,Ricardo de Burgos
438594,2023,13,2023-11-10,FINISHED,Athletic Club,Athletic,ATH,RC Celta de Vigo,Celta,CEL,4,3,2,2,HOME_TEAM,Juan Pulido Santana
438600,2023,13,2023-11-11,FINISHED,Rayo Vallecano de Madrid,Rayo Vallecano,RAY,Girona FC,Girona,GIR,1,2,1,1,AWAY_TEAM,Pablo González Fuertes
438603,2023,13,2023-11-11,FINISHED,UD Almería,Almería,ALM,Real Sociedad de Fútbol,Real Sociedad,RSO,1,3,0,0,AWAY_TEAM,Isidro Díaz de Mera
438596,2023,13,2023-11-11,FINISHED,CA Osasuna,Osasuna,OSA,UD Las Palmas,Las Palmas,LPA,1,1,0,0,DRAW,Jorge Figueroa Vázquez
438598,2023,13,2023-11-11,FINISHED,Granada CF,Granada,GRA,Getafe CF,Getafe,GET,1,1,1,1,DRAW,Alejandro Muñiz Ruiz
438602,2023,13,2023-11-11,FINISHED,Real Madrid CF,Real Madrid,RMA,Valencia CF,Valencia,VAL,5,1,2,0,HOME_TEAM,José Sánchez Martínez
438597,2023,13,2023-11-12,FINISHED,FC Barcelona,Barça,FCB,Deportivo Alavés,Alavés,ALA,2,1,0,1,HOME_TEAM,Mateo Busquets Ferrer
438599,2023,13,2023-11-12,FINISHED,Sevilla FC,Sevilla FC,SEV,Real Betis Balompié,Real Betis,BET,1,1,0,0,DRAW,Jesús Gil Manzano
438595,2023,13,2023-11-12,FINISHED,Club Atlético de Madrid,Atleti,ATL,Villarreal CF,Villarreal,VIL,3,1,1,1,HOME_TEAM,Francisco Hernández Maeso
438606,2023,14,2023-11-24,FINISHED,Deportivo Alavés,Alavés,ALA,Granada CF,Granada,GRA,3,1,2,0,HOME_TEAM,Javier Alberola Rojas
438612,2023,14,2023-11-25,FINISHED,Rayo Vallecano de Madrid,Rayo Vallecano,RAY,FC Barcelona,Barça,FCB,1,1,1,0,DRAW,José Munuera Montero
438610,2023,14,2023-11-25,FINISHED,Valencia CF,Valencia,VAL,RC Celta de Vigo,Celta,CEL,0,0,0,0,DRAW,César Soto Grado
438608,2023,14,2023-11-25,FINISHED,Getafe CF,Getafe,GET,UD Almería,Almería,ALM,2,1,2,1,HOME_TEAM,Alejandro Hernández Hernández
438604,2023,14,2023-11-25,FINISHED,Club Atlético de Madrid,Atleti,ATL,RCD Mallorca,Mallorca,MAL,1,0,0,0,HOME_TEAM,Juan Martínez Munuera
438611,2023,14,2023-11-26,FINISHED,Villarreal CF,Villarreal,VIL,CA Osasuna,Osasuna,OSA,3,1,0,0,HOME_TEAM,Ricardo de Burgos
438613,2023,14,2023-11-26,FINISHED,Real Sociedad de Fútbol,Real Sociedad,RSO,Sevilla FC,Sevilla FC,SEV,2,1,2,0,HOME_TEAM,Miguel Ortiz Arias
438607,2023,14,2023-11-26,FINISHED,Cádiz CF,Cádiz CF,CAD,Real Madrid CF,Real Madrid,RMA,0,3,0,1,AWAY_TEAM,Guillermo Cuadra Fernández
438605,2023,14,2023-11-26,FINISHED,Real Betis Balompié,Real Betis,BET,UD Las Palmas,Las Palmas,LPA,1,0,1,0,HOME_TEAM,Víctor García Verdura
438609,2023,14,2023-11-27,FINISHED,Girona FC,Girona,GIR,Athletic Club,Athletic,ATH,1,1,0,0,DRAW,Mario Melero López
438601,2023,13,2023-11-29,FINISHED,RCD Mallorca,Mallorca,MAL,Cádiz CF,Cádiz CF,CAD,1,1,1,1,DRAW,Javier Iglesias Villanueva
438623,2023,15,2023-12-01,FINISHED,UD Las Palmas,Las Palmas,LPA,Getafe CF,Getafe,GET,2,0,1,0,HOME_TEAM,Mateo Busquets Ferrer
438618,2023,15,2023-12-02,FINISHED,Girona FC,Girona,GIR,Valencia CF,Valencia,VAL,2,1,0,0,HOME_TEAM,Javier Iglesias Villanueva
438614,2023,15,2023-12-02,FINISHED,Athletic Club,Athletic,ATH,Rayo Vallecano de Madrid,Rayo Vallecano,RAY,4,0,1,0,HOME_TEAM,Francisco Hernández Maeso
438621,2023,15,2023-12-02,FINISHED,Real Madrid CF,Real Madrid,RMA,Granada CF,Granada,GRA,2,0,1,0,HOME_TEAM,Pablo González Fuertes
438615,2023,15,2023-12-02,FINISHED,CA Osasuna,Osasuna,OSA,Real Sociedad de Fútbol,Real Sociedad,RSO,1,1,1,1,DRAW,Juan Pulido Santana
438620,2023,15,2023-12-03,FINISHED,RCD Mallorca,Mallorca,MAL,Deportivo Alavés,Alavés,ALA,0,0,0,0,DRAW,Jorge Figueroa Vázquez
438622,2023,15,2023-12-03,FINISHED,UD Almería,Almería,ALM,Real Betis Balompié,Real Betis,BET,0,0,0,0,DRAW,Alejandro Muñiz Ruiz
438619,2023,15,2023-12-03,FINISHED,Sevilla FC,Sevilla FC,SEV,Villarreal CF,Villarreal,VIL,1,1,0,0,DRAW,Isidro Díaz de Mera
438617,2023,15,2023-12-03,FINISHED,FC Barcelona,Barça,FCB,Club Atlético de Madrid,Atleti,ATL,1,0,1,0,HOME_TEAM,José Sánchez Martínez
438616,2023,15,2023-12-04,FINISHED,RC Celta de Vigo,Celta,CEL,Cádiz CF,Cádiz CF,CAD,1,1,0,1,DRAW,Jesús Gil Manzano
438629,2023,16,2023-12-08,FINISHED,Getafe CF,Getafe,GET,Valencia CF,Valencia,VAL,1,0,0,0,HOME_TEAM,Guillermo Cuadra Fernández
438626,2023,16,2023-12-09,FINISHED,Deportivo Alavés,Alavés,ALA,UD Las Palmas,Las Palmas,LPA,0,1,0,1,AWAY_TEAM,José Munuera Montero
438625,2023,16,2023-12-09,FINISHED,Real Betis Balompié,Real Betis,BET,Real Madrid CF,Real Madrid,RMA,1,1,0,0,DRAW,César Soto Grado
438631,2023,16,2023-12-09,FINISHED,Villarreal CF,Villarreal,VIL,Real Sociedad de Fútbol,Real Sociedad,RSO,0,3,0,3,AWAY_TEAM,Mario Melero López
438633,2023,16,2023-12-09,FINISHED,RCD Mallorca,Mallorca,MAL,Sevilla FC,Sevilla FC,SEV,1,0,1,0,HOME_TEAM,Javier Alberola Rojas
438624,2023,16,2023-12-10,FINISHED,Club Atlético de Madrid,Atleti,ATL,UD Almería,Almería,ALM,2,1,2,0,HOME_TEAM,Ricardo de Burgos
438628,2023,16,2023-12-10,FINISHED,Cádiz CF,Cádiz CF,CAD,CA Osasuna,Osasuna,OSA,1,1,1,0,DRAW,Juan Martínez Munuera
438627,2023,16,2023-12-10,FINISHED,FC Barcelona,Barça,FCB,Girona FC,Girona,GIR,2,4,1,2,AWAY_TEAM,Isidro Díaz de Mera
438630,2023,16,2023-12-11,FINISHED,Granada CF,Granada,GRA,Athletic Club,Athletic,ATH,1,1,0,1,DRAW,Miguel Ortiz Arias
438632,2023,16,2023-12-11,FINISHED,Rayo Vallecano de Madrid,Rayo Vallecano,RAY,RC Celta de Vigo,Celta,CEL,0,0,0,0,DRAW,Víctor García Verdura
438635,2023,17,2023-12-15,FINISHED,CA Osasuna,Osasuna,OSA,Rayo Vallecano de Madrid,Rayo Vallecano,RAY,1,0,0,0,HOME_TEAM,Javier Iglesias Villanueva
438636,2023,17,2023-12-16,FINISHED,RC Celta de Vigo,Celta,CEL,Granada CF,Granada,GRA,1,0,1,0,HOME_TEAM,José Sánchez Martínez
438634,2023,17,2023-12-16,FINISHED,Athletic Club,Athletic,ATH,Club Atlético de Madrid,Atleti,ATL,2,0,0,0,HOME_TEAM,Jesús Gil Manzano
438638,2023,17,2023-12-16,FINISHED,Sevilla FC,Sevilla FC,SEV,Getafe CF,Getafe,GET,0,3,0,2,AWAY_TEAM,Juan Pulido Santana
438639,2023,17,2023-12-16,FINISHED,Valencia CF,Valencia,VAL,FC Barcelona,Barça,FCB,1,1,0,0,DRAW,Miguel Ortiz Arias
438642,2023,17,2023-12-17,FINISHED,UD Almería,Almería,ALM,RCD Mallorca,Mallorca,MAL,0,0,0,0,DRAW,Pablo González Fuertes
438641,2023,17,2023-12-17,FINISHED,Real Sociedad de Fútbol,Real Sociedad,RSO,Real Betis Balompié,Real Betis,BET,0,0,0,0,DRAW,Mateo Busquets Ferrer
438643,2023,17,2023-12-17,FINISHED,UD Las Palmas,Las Palmas,LPA,Cádiz CF,Cádiz CF,CAD,1,1,1,0,DRAW,Alejandro Muñiz Ruiz
438640,2023,17,2023-12-17,FINISHED,Real Madrid CF,Real Madrid,RMA,Villarreal CF,Villarreal,VIL,4,1,2,0,HOME_TEAM,Jorge Figueroa Vázquez
438637,2023,17,2023-12-18,FINISHED,Girona FC,Girona,GIR,Deportivo Alavés,Alavés,ALA,3,0,2,0,HOME_TEAM,Francisco Hernández Maeso
438652,2023,18,2023-12-19,FINISHED,Rayo Vallecano de Madrid,Rayo Vallecano,RAY,Valencia CF,Valencia,VAL,0,1,0,0,AWAY_TEAM,Javier Alberola Rojas
438645,2023,18,2023-12-19,FINISHED,Club Atlético de Madrid,Atleti,ATL,Getafe CF,Getafe,GET,3,3,1,0,DRAW,José Munuera Montero
438650,2023,18,2023-12-19,FINISHED,Granada CF,Granada,GRA,Sevilla FC,Sevilla FC,SEV,0,3,0,2,AWAY_TEAM,Mateo Busquets Ferrer
438648,2023,18,2023-12-20,FINISHED,FC Barcelona,Barça,FCB,UD Almería,Almería,ALM,3,2,1,1,HOME_TEAM,Guillermo Cuadra Fernández
438644,2023,18,2023-12-20,FINISHED,Athletic Club,Athletic,ATH,UD Las Palmas,Las Palmas,LPA,1,0,0,0,HOME_TEAM,Juan Martínez Munuera
438651,2023,18,2023-12-20,FINISHED,Villarreal CF,Villarreal,VIL,RC Celta de Vigo,Celta,CEL,3,2,2,0,HOME_TEAM,César Soto Grado
438646,2023,18,2023-12-21,FINISHED,Real Betis Balompié,Real Betis,BET,Girona FC,Girona,GIR,1,1,0,1,DRAW,Ricardo de Burgos
438649,2023,18,2023-12-21,FINISHED,Cádiz CF,Cádiz CF,CAD,Real Sociedad de Fútbol,Real Sociedad,RSO,0,0,0,0,DRAW,Javier Iglesias Villanueva
438647,2023,18,2023-12-21,FINISHED,Deportivo Alavés,Alavés,ALA,Real Madrid CF,Real Madrid,RMA,0,1,0,0,AWAY_TEAM,Isidro Díaz de Mera
438653,2023,18,2023-12-21,FINISHED,RCD Mallorca,Mallorca,MAL,CA Osasuna,Osasuna,OSA,3,2,1,1,HOME_TEAM,Mario Melero López
438504,2023,4,2023-12-23,FINISHED,Club Atlético de Madrid,Atleti,ATL,Sevilla FC,Sevilla FC,SEV,1,0,0,0,HOME_TEAM,
438656,2023,19,2024-01-02,FINISHED,Getafe CF,Getafe,GET,Rayo Vallecano de Madrid,Rayo Vallecano,RAY,0,2,0,1,AWAY_TEAM,Jorge Figueroa Vázquez
438662,2023,19,2024-01-02,FINISHED,Real Sociedad de Fútbol,Real Sociedad,RSO,Deportivo Alavés,Alavés,ALA,1,1,0,0,DRAW,Víctor García Verdura
438660,2023,19,2024-01-02,FINISHED,Valencia CF,Valencia,VAL,Villarreal CF,Villarreal,VIL,3,1,2,0,HOME_TEAM,Jesús Gil Manzano
438658,2023,19,2024-01-03,FINISHED,Granada CF,Granada,GRA,Cádiz CF,Cádiz CF,CAD,2,0,1,0,HOME_TEAM,Juan Pulido Santana
438655,2023,19,2024-01-03,FINISHED,RC Celta de Vigo,Celta,CEL,Real Betis Balompié,Real Betis,BET,2,1,1,1,HOME_TEAM,Miguel Ortiz Arias
438661,2023,19,2024-01-03,FINISHED,Real Madrid CF,Real Madrid,RMA,RCD Mallorca,Mallorca,MAL,1,0,0,0,HOME_TEAM,Alejandro Muñiz Ruiz
438657,2023,19,2024-01-03,FINISHED,Girona FC,Girona,GIR,Club Atlético de Madrid,Atleti,ATL,4,3,3,2,HOME_TEAM,Alejandro Hernández Hernández
438654,2023,19,2024-01-04,FINISHED,CA Osasuna,Osasuna,OSA,UD Almería,Almería,ALM,1,0,1,0,HOME_TEAM,César Soto Grado
438659,2023,19,2024-01-04,FINISHED,Sevilla FC,Sevilla FC,SEV,Athletic Club,Athletic,ATH,0,2,0,1,AWAY_TEAM,José Sánchez Martínez
438663,2023,19,2024-01-04,FINISHED,UD Las Palmas,Las Palmas,LPA,FC Barcelona,Barça,FCB,1,2,1,0,AWAY_TEAM,Pablo González Fuertes
438670,2023,20,2024-01-12,FINISHED,Sevilla FC,Sevilla FC,SEV,Deportivo Alavés,Alavés,ALA,2,3,0,2,AWAY_TEAM,Alejandro Hernández Hernández
438673,2023,20,2024-01-13,FINISHED,UD Las Palmas,Las Palmas,LPA,Villarreal CF,Villarreal,VIL,3,0,1,0,HOME_TEAM,Javier Iglesias Villanueva
438671,2023,20,2024-01-13,FINISHED,RCD Mallorca,Mallorca,MAL,RC Celta de Vigo,Celta,CEL,1,1,1,1,DRAW,Víctor García Verdura
438664,2023,20,2024-01-13,FINISHED,Athletic Club,Athletic,ATH,Real Sociedad de Fútbol,Real Sociedad,RSO,2,1,2,0,HOME_TEAM,José Munuera Montero
438666,2023,20,2024-01-13,FINISHED,Real Betis Balompié,Real Betis,BET,Granada CF,Granada,GRA,1,0,0,0,HOME_TEAM,Guillermo Cuadra Fernández
438672,2023,20,2024-01-14,FINISHED,UD Almería,Almería,ALM,Girona FC,Girona,GIR,0,0,0,0,DRAW,Mateo Busquets Ferrer
438668,2023,20,2024-01-14,FINISHED,Cádiz CF,Cádiz CF,CAD,Valencia CF,Valencia,VAL,1,4,1,1,AWAY_TEAM,Isidro Díaz de Mera
438677,2023,21,2024-01-19,FINISHED,Deportivo Alavés,Alavés,ALA,Cádiz CF,Cádiz CF,CAD,1,0,0,0,HOME_TEAM,Alejandro Muñiz Ruiz
438682,2023,21,2024-01-20,FINISHED,Rayo Vallecano de Madrid,Rayo Vallecano,RAY,UD Las Palmas,Las Palmas,LPA,0,2,0,1,AWAY_TEAM,Mario Melero López
438681,2023,21,2024-01-20,FINISHED,Villarreal CF,Villarreal,VIL,RCD Mallorca,Mallorca,MAL,1,1,1,0,DRAW,Miguel Ortiz Arias
438680,2023,21,2024-01-20,FINISHED,Valencia CF,Valencia,VAL,Athletic Club,Athletic,ATH,1,0,0,0,HOME_TEAM,Juan Pulido Santana
438676,2023,21,2024-01-20,FINISHED,RC Celta de Vigo,Celta,CEL,Real Sociedad de Fútbol,Real Sociedad,RSO,0,1,0,1,AWAY_TEAM,Jorge Figueroa Vázquez
438675,2023,21,2024-01-21,FINISHED,CA Osasuna,Osasuna,OSA,Getafe CF,Getafe,GET,3,2,2,0,HOME_TEAM,José Sánchez Martínez
438683,2023,21,2024-01-21,FINISHED,Real Madrid CF,Real Madrid,RMA,UD Almería,Almería,ALM,3,2,0,2,HOME_TEAM,Francisco Hernández Maeso
438674,2023,21,2024-01-21,FINISHED,Real Betis Balompié,Real Betis,BET,FC Barcelona,Barça,FCB,2,4,0,1,AWAY_TEAM,Jesús Gil Manzano
438678,2023,21,2024-01-21,FINISHED,Girona FC,Girona,GIR,Sevilla FC,Sevilla FC,SEV,5,1,3,1,HOME_TEAM,Pablo González Fuertes
438679,2023,21,2024-01-22,FINISHED,Granada CF,Granada,GRA,Club Atlético de Madrid,Atleti,ATL,0,1,0,0,AWAY_TEAM,Juan Martínez Munuera
438692,2023,22,2024-01-26,FINISHED,UD Almería,Almería,ALM,Deportivo Alavés,Alavés,ALA,0,3,0,1,AWAY_TEAM,Miguel Ortiz Arias
438691,2023,22,2024-01-27,FINISHED,Real Sociedad de Fútbol,Real Sociedad,RSO,Rayo Vallecano de Madrid,Rayo Vallecano,RAY,0,0,0,0,DRAW,Alejandro Hernández Hernández
438693,2023,22,2024-01-27,FINISHED,UD Las Palmas,Las Palmas,LPA,Real Madrid CF,Real Madrid,RMA,1,2,0,0,AWAY_TEAM,César Soto Grado
438686,2023,22,2024-01-27,FINISHED,FC Barcelona,Barça,FCB,Villarreal CF,Villarreal,VIL,3,5,0,1,AWAY_TEAM,José Munuera Montero
438690,2023,22,2024-01-27,FINISHED,RCD Mallorca,Mallorca,MAL,Real Betis Balompié,Real Betis,BET,0,1,0,1,AWAY_TEAM,Javier Iglesias Villanueva
438685,2023,22,2024-01-28,FINISHED,RC Celta de Vigo,Celta,CEL,Girona FC,Girona,GIR,0,1,0,1,AWAY_TEAM,Mario Melero López
438687,2023,22,2024-01-28,FINISHED,Cádiz CF,Cádiz CF,CAD,Athletic Club,Athletic,ATH,0,0,0,0,DRAW,Mateo Busquets Ferrer
438689,2023,22,2024-01-28,FINISHED,Sevilla FC,Sevilla FC,SEV,CA Osasuna,Osasuna,OSA,1,1,1,0,DRAW,Guillermo Cuadra Fernández
438684,2023,22,2024-01-28,FINISHED,Club Atlético de Madrid,Atleti,ATL,Valencia CF,Valencia,VAL,2,0,1,0,HOME_TEAM,Ricardo de Burgos
438688,2023,22,2024-01-29,FINISHED,Getafe CF,Getafe,GET,Granada CF,Granada,GRA,2,0,2,0,HOME_TEAM,Víctor García Verdura
438667,2023,20,2024-01-31,FINISHED,FC Barcelona,Barça,FCB,CA Osasuna,Osasuna,OSA,1,0,0,0,HOME_TEAM,Jorge Figueroa Vázquez
438665,2023,20,2024-01-31,FINISHED,Club Atlético de Madrid,Atleti,ATL,Rayo Vallecano de Madrid,Rayo Vallecano,RAY,2,1,1,1,HOME_TEAM,César Soto Grado
438669,2023,20,2024-02-01,FINISHED,Getafe CF,Getafe,GET,Real Madrid CF,Real Madrid,RMA,0,2,0,1,AWAY_TEAM,Ricardo de Burgos
438694,2023,23,2024-02-02,FINISHED,Athletic Club,Athletic,ATH,RCD Mallorca,Mallorca,MAL,4,0,2,0,HOME_TEAM,Jorge Figueroa Vázquez
438700,2023,23,2024-02-03,FINISHED,Valencia CF,Valencia,VAL,UD Almería,Almería,ALM,2,1,2,0,HOME_TEAM,Alejandro Muñiz Ruiz
438699,2023,23,2024-02-03,FINISHED,Granada CF,Granada,GRA,UD Las Palmas,Las Palmas,LPA,1,1,1,0,DRAW,Mateo Busquets Ferrer
438697,2023,23,2024-02-03,FINISHED,Deportivo Alavés,Alavés,ALA,FC Barcelona,Barça,FCB,1,3,0,1,AWAY_TEAM,Juan Martínez Munuera
438698,2023,23,2024-02-03,FINISHED,Girona FC,Girona,GIR,Real Sociedad de Fútbol,Real Sociedad,RSO,0,0,0,0,DRAW,Jesús Gil Manzano
438701,2023,23,2024-02-04,FINISHED,Villarreal CF,Villarreal,VIL,Cádiz CF,Cádiz CF,CAD,0,0,0,0,DRAW,Pablo González Fuertes
438696,2023,23,2024-02-04,FINISHED,CA Osasuna,Osasuna,OSA,RC Celta de Vigo,Celta,CEL,0,3,0,2,AWAY_TEAM,Javier Alberola Rojas
438695,2023,23,2024-02-04,FINISHED,Real Betis Balompié,Real Betis,BET,Getafe CF,Getafe,GET,1,1,1,1,DRAW,Juan Pulido Santana
438703,2023,23,2024-02-04,FINISHED,Real Madrid CF,Real Madrid,RMA,Club Atlético de Madrid,Atleti,ATL,1,1,1,0,DRAW,José Sánchez Martínez
438702,2023,23,2024-02-05,FINISHED,Rayo Vallecano de Madrid,Rayo Vallecano,RAY,Sevilla FC,Sevilla FC,SEV,1,2,1,2,AWAY_TEAM,Francisco Hernández Maeso
438706,2023,24,2024-02-09,FINISHED,Cádiz CF,Cádiz CF,CAD,Real Betis Balompié,Real Betis,BET,0,2,0,1,AWAY_TEAM,Ricardo de Burgos
438704,2023,24,2024-02-10,FINISHED,Deportivo Alavés,Alavés,ALA,Villarreal CF,Villarreal,VIL,1,1,1,1,DRAW,Mario Melero López
438711,2023,24,2024-02-10,FINISHED,Real Sociedad de Fútbol,Real Sociedad,RSO,CA Osasuna,Osasuna,OSA,0,1,0,0,AWAY_TEAM,Isidro Díaz de Mera
438710,2023,24,2024-02-10,FINISHED,Real Madrid CF,Real Madrid,RMA,Girona FC,Girona,GIR,4,0,2,0,HOME_TEAM,Juan Martínez Munuera
438713,2023,24,2024-02-10,FINISHED,UD Las Palmas,Las Palmas,LPA,Valencia CF,Valencia,VAL,2,0,0,0,HOME_TEAM,Guillermo Cuadra Fernández
438707,2023,24,2024-02-11,FINISHED,Getafe CF,Getafe,GET,RC Celta de Vigo,Celta,CEL,3,2,2,0,HOME_TEAM,Alejandro Hernández Hernández
438709,2023,24,2024-02-11,FINISHED,RCD Mallorca,Mallorca,MAL,Rayo Vallecano de Madrid,Rayo Vallecano,RAY,2,1,0,0,HOME_TEAM,José Munuera Montero
438708,2023,24,2024-02-11,FINISHED,Sevilla FC,Sevilla FC,SEV,Club Atlético de Madrid,Atleti,ATL,1,0,1,0,HOME_TEAM,Javier Iglesias Villanueva
438705,2023,24,2024-02-11,FINISHED,FC Barcelona,Barça,FCB,Granada CF,Granada,GRA,3,3,1,1,DRAW,Miguel Ortiz Arias
438712,2023,24,2024-02-12,FINISHED,UD Almería,Almería,ALM,Athletic Club,Athletic,ATH,0,0,0,0,DRAW,Víctor García Verdura
438721,2023,25,2024-02-16,FINISHED,Villarreal CF,Villarreal,VIL,Getafe CF,Getafe,GET,1,1,0,1,DRAW,Javier Alberola Rojas
438715,2023,25,2024-02-17,FINISHED,Club Atlético de Madrid,Atleti,ATL,UD Las Palmas,Las Palmas,LPA,5,0,2,0,HOME_TEAM,Jorge Figueroa Vázquez
438717,2023,25,2024-02-17,FINISHED,CA Osasuna,Osasuna,OSA,Cádiz CF,Cádiz CF,CAD,2,0,0,0,HOME_TEAM,Francisco Hernández Maeso
438718,2023,25,2024-02-17,FINISHED,RC Celta de Vigo,Celta,CEL,FC Barcelona,Barça,FCB,1,2,0,1,AWAY_TEAM,Juan Pulido Santana
438720,2023,25,2024-02-17,FINISHED,Valencia CF,Valencia,VAL,Sevilla FC,Sevilla FC,SEV,0,0,0,0,DRAW,César Soto Grado
438722,2023,25,2024-02-18,FINISHED,Rayo Vallecano de Madrid,Rayo Vallecano,RAY,Real Madrid CF,Real Madrid,RMA,1,1,1,1,DRAW,Alejandro Muñiz Ruiz
438719,2023,25,2024-02-18,FINISHED,Granada CF,Granada,GRA,UD Almería,Almería,ALM,1,1,0,1,DRAW,Jesús Gil Manzano
438723,2023,25,2024-02-18,FINISHED,RCD Mallorca,Mallorca,MAL,Real Sociedad de Fútbol,Real Sociedad,RSO,1,2,1,1,AWAY_TEAM,Pablo González Fuertes
438716,2023,25,2024-02-18,FINISHED,Real Betis Balompié,Real Betis,BET,Deportivo Alavés,Alavés,ALA,0,0,0,0,DRAW,Mateo Busquets Ferrer
438714,2023,25,2024-02-19,FINISHED,Athletic Club,Athletic,ATH,Girona FC,Girona,GIR,3,2,1,0,HOME_TEAM,José Sánchez Martínez
438731,2023,26,2024-02-23,FINISHED,Real Sociedad de Fútbol,Real Sociedad,RSO,Villarreal CF,Villarreal,VIL,1,3,0,1,AWAY_TEAM,Javier Iglesias Villanueva
438726,2023,26,2024-02-24,FINISHED,FC Barcelona,Barça,FCB,Getafe CF,Getafe,GET,4,0,1,0,HOME_TEAM,Alejandro Muñiz Ruiz
438725,2023,26,2024-02-24,FINISHED,Deportivo Alavés,Alavés,ALA,RCD Mallorca,Mallorca,MAL,1,1,0,0,DRAW,Víctor García Verdura
438732,2023,26,2024-02-24,FINISHED,UD Almería,Almería,ALM,Club Atlético de Madrid,Atleti,ATL,2,2,1,1,DRAW,Javier Alberola Rojas
438727,2023,26,2024-02-25,FINISHED,Cádiz CF,Cádiz CF,CAD,RC Celta de Vigo,Celta,CEL,2,2,0,1,DRAW,Miguel Ortiz Arias
438724,2023,26,2024-02-25,FINISHED,Real Betis Balompié,Real Betis,BET,Athletic Club,Athletic,ATH,3,1,2,1,HOME_TEAM,Guillermo Cuadra Fernández
438733,2023,26,2024-02-25,FINISHED,UD Las Palmas,Las Palmas,LPA,CA Osasuna,Osasuna,OSA,1,1,0,0,DRAW,José Munuera Montero
438730,2023,26,2024-02-25,FINISHED,Real Madrid CF,Real Madrid,RMA,Sevilla FC,Sevilla FC,SEV,1,0,0,0,HOME_TEAM,Isidro Díaz de Mera
438728,2023,26,2024-02-26,FINISHED,Girona FC,Girona,GIR,Rayo Vallecano de Madrid,Rayo Vallecano,RAY,3,0,0,0,HOME_TEAM,Ricardo de Burgos
438737,2023,27,2024-03-01,FINISHED,RC Celta de Vigo,Celta,CEL,UD Almería,Almería,ALM,1,0,0,0,HOME_TEAM,José Sánchez Martínez
438739,2023,27,2024-03-02,FINISHED,Sevilla FC,Sevilla FC,SEV,Real Sociedad de Fútbol,Real Sociedad,RSO,3,2,2,1,HOME_TEAM,Mateo Busquets Ferrer
438742,2023,27,2024-03-02,FINISHED,Rayo Vallecano de Madrid,Rayo Vallecano,RAY,Cádiz CF,Cádiz CF,CAD,1,1,0,0,DRAW,Javier Alberola Rojas
438738,2023,27,2024-03-02,FINISHED,Getafe CF,Getafe,GET,UD Las Palmas,Las Palmas,LPA,3,3,3,1,DRAW,Pablo González Fuertes
438740,2023,27,2024-03-02,FINISHED,Valencia CF,Valencia,VAL,Real Madrid CF,Real Madrid,RMA,2,2,2,1,DRAW,Jesús Gil Manzano
438741,2023,27,2024-03-03,FINISHED,Villarreal CF,Villarreal,VIL,Granada CF,Granada,GRA,5,1,3,0,HOME_TEAM,Juan Pulido Santana
438735,2023,27,2024-03-03,FINISHED,Club Atlético de Madrid,Atleti,ATL,Real Betis Balompié,Real Betis,BET,2,1,2,0,HOME_TEAM,César Soto Grado
438743,2023,27,2024-03-03,FINISHED,RCD Mallorca,Mallorca,MAL,Girona FC,Girona,GIR,1,0,1,0,HOME_TEAM,Francisco Hernández Maeso
438734,2023,27,2024-03-03,FINISHED,Athletic Club,Athletic,ATH,FC Barcelona,Barça,FCB,0,0,0,0,DRAW,Alejandro Hernández Hernández
438736,2023,27,2024-03-04,FINISHED,CA Osasuna,Osasuna,OSA,Deportivo Alavés,Alavés,ALA,1,0,0,0,HOME_TEAM,Jorge Figueroa Vázquez
438746,2023,28,2024-03-08,FINISHED,FC Barcelona,Barça,FCB,RCD Mallorca,Mallorca,MAL,1,0,0,0,HOME_TEAM,Javier Iglesias Villanueva
438750,2023,28,2024-03-09,FINISHED,Valencia CF,Valencia,VAL,Getafe CF,Getafe,GET,1,0,1,0,HOME_TEAM,Juan Pulido Santana
438747,2023,28,2024-03-09,FINISHED,Cádiz CF,Cádiz CF,CAD,Club Atlético de Madrid,Atleti,ATL,2,0,1,0,HOME_TEAM,Pablo González Fuertes
438749,2023,28,2024-03-09,FINISHED,Granada CF,Granada,GRA,Real Sociedad de Fútbol,Real Sociedad,RSO,2,3,2,1,AWAY_TEAM,Juan Martínez Munuera
438748,2023,28,2024-03-09,FINISHED,Girona FC,Girona,GIR,CA Osasuna,Osasuna,OSA,2,0,1,0,HOME_TEAM,Mateo Busquets Ferrer
438745,2023,28,2024-03-10,FINISHED,Deportivo Alavés,Alavés,ALA,Rayo Vallecano de Madrid,Rayo Vallecano,RAY,1,0,1,0,HOME_TEAM,José Munuera Montero
438753,2023,28,2024-03-10,FINISHED,UD Las Palmas,Las Palmas,LPA,Athletic Club,Athletic,ATH,0,2,0,1,AWAY_TEAM,Miguel Ortiz Arias
438751,2023,28,2024-03-10,FINISHED,Real Madrid CF,Real Madrid,RMA,RC Celta de Vigo,Celta,CEL,4,0,1,0,HOME_TEAM,Mario Melero López
438744,2023,28,2024-03-10,FINISHED,Real Betis Balompié,Real Betis,BET,Villarreal CF,Villarreal,VIL,2,3,2,1,AWAY_TEAM,Alejandro Hernández Hernández
438752,2023,28,2024-03-11,FINISHED,UD Almería,Almería,ALM,Sevilla FC,Sevilla FC,SEV,2,2,1,0,DRAW,Ricardo de Burgos
438762,2023,29,2024-03-15,FINISHED,Real Sociedad de Fútbol,Real Sociedad,RSO,Cádiz CF,Cádiz CF,CAD,2,0,1,0,HOME_TEAM,César Soto Grado
438761,2023,29,2024-03-16,FINISHED,RCD Mallorca,Mallorca,MAL,Granada CF,Granada,GRA,1,0,0,0,HOME_TEAM,Ricardo de Burgos
438756,2023,29,2024-03-16,FINISHED,CA Osasuna,Osasuna,OSA,Real Madrid CF,Real Madrid,RMA,2,4,1,2,AWAY_TEAM,Juan Martínez Munuera
438757,2023,29,2024-03-16,FINISHED,Getafe CF,Getafe,GET,Girona FC,Girona,GIR,1,0,1,0,HOME_TEAM,José Munuera Montero
438754,2023,29,2024-03-16,FINISHED,Athletic Club,Athletic,ATH,Deportivo Alavés,Alavés,ALA,2,0,2,0,HOME_TEAM,Alejandro Muñiz Ruiz
438758,2023,29,2024-03-17,FINISHED,Sevilla FC,Sevilla FC,SEV,RC Celta de Vigo,Celta,CEL,1,2,1,0,AWAY_TEAM,Francisco Hernández Maeso
438759,2023,29,2024-03-17,FINISHED,Villarreal CF,Villarreal,VIL,Valencia CF,Valencia,VAL,1,0,0,0,HOME_TEAM,Jorge Figueroa Vázquez
438763,2023,29,2024-03-17,FINISHED,UD Las Palmas,Las Palmas,LPA,UD Almería,Almería,ALM,0,1,0,1,AWAY_TEAM,Víctor García Verdura
438760,2023,29,2024-03-17,FINISHED,Rayo Vallecano de Madrid,Rayo Vallecano,RAY,Real Betis Balompié,Real Betis,BET,2,0,1,0,HOME_TEAM,Juan Pulido Santana
438755,2023,29,2024-03-17,FINISHED,Club Atlético de Madrid,Atleti,ATL,FC Barcelona,Barça,FCB,0,3,0,1,AWAY_TEAM,José Sánchez Martínez
438767,2023,30,2024-03-29,FINISHED,Cádiz CF,Cádiz CF,CAD,Granada CF,Granada,GRA,1,0,0,0,HOME_TEAM,Guillermo Cuadra Fernández
438768,2023,30,2024-03-30,FINISHED,Getafe CF,Getafe,GET,Sevilla FC,Sevilla FC,SEV,0,1,0,1,AWAY_TEAM,Javier Iglesias Villanueva
438773,2023,30,2024-03-30,FINISHED,UD Almería,Almería,ALM,CA Osasuna,Osasuna,OSA,0,3,0,2,AWAY_TEAM,Pablo González Fuertes
438770,2023,30,2024-03-30,FINISHED,Valencia CF,Valencia,VAL,RCD Mallorca,Mallorca,MAL,0,0,0,0,DRAW,Miguel Ortiz Arias
438766,2023,30,2024-03-30,FINISHED,FC Barcelona,Barça,FCB,UD Las Palmas,Las Palmas,LPA,1,0,0,0,HOME_TEAM,Mateo Busquets Ferrer
438764,2023,30,2024-03-31,FINISHED,RC Celta de Vigo,Celta,CEL,Rayo Vallecano de Madrid,Rayo Vallecano,RAY,0,0,0,0,DRAW,Alejandro Hernández Hernández
438769,2023,30,2024-03-31,FINISHED,Girona FC,Girona,GIR,Real Betis Balompié,Real Betis,BET,3,2,1,1,HOME_TEAM,Jesús Gil Manzano
438765,2023,30,2024-03-31,FINISHED,Deportivo Alavés,Alavés,ALA,Real Sociedad de Fútbol,Real Sociedad,RSO,0,1,0,0,AWAY_TEAM,Francisco Hernández Maeso
438772,2023,30,2024-03-31,FINISHED,Real Madrid CF,Real Madrid,RMA,Athletic Club,Athletic,ATH,2,0,1,0,HOME_TEAM,Javier Alberola Rojas
438771,2023,30,2024-04-01,FINISHED,Villarreal CF,Villarreal,VIL,Club Atlético de Madrid,Atleti,ATL,1,2,0,1,AWAY_TEAM,Mario Melero López
438729,2023,26,2024-04-04,FINISHED,Granada CF,Granada,GRA,Valencia CF,Valencia,VAL,0,1,0,0,AWAY_TEAM,Alejandro Hernández Hernández
438776,2023,31,2024-04-12,FINISHED,Real Betis Balompié,Real Betis,BET,RC Celta de Vigo,Celta,CEL,2,1,0,0,HOME_TEAM,Juan Martínez Munuera
438775,2023,31,2024-04-13,FINISHED,Club Atlético de Madrid,Atleti,ATL,Girona FC,Girona,GIR,3,1,2,1,HOME_TEAM,Ricardo de Burgos
438780,2023,31,2024-04-13,FINISHED,Rayo Vallecano de Madrid,Rayo Vallecano,RAY,Getafe CF,Getafe,GET,0,0,0,0,DRAW,Jorge Figueroa Vázquez
438781,2023,31,2024-04-13,FINISHED,RCD Mallorca,Mallorca,MAL,Real Madrid CF,Real Madrid,RMA,0,1,0,0,AWAY_TEAM,José Sánchez Martínez
438778,2023,31,2024-04-13,FINISHED,Cádiz CF,Cádiz CF,CAD,FC Barcelona,Barça,FCB,0,1,0,1,AWAY_TEAM,Juan Pulido Santana
438783,2023,31,2024-04-14,FINISHED,UD Las Palmas,Las Palmas,LPA,Sevilla FC,Sevilla FC,SEV,0,2,0,1,AWAY_TEAM,Alejandro Muñiz Ruiz
438779,2023,31,2024-04-14,FINISHED,Granada CF,Granada,GRA,Deportivo Alavés,Alavés,ALA,2,0,2,0,HOME_TEAM,Víctor García Verdura
438774,2023,31,2024-04-14,FINISHED,Athletic Club,Athletic,ATH,Villarreal CF,Villarreal,VIL,1,1,0,0,DRAW,Guillermo Cuadra Fernández
438782,2023,31,2024-04-14,FINISHED,Real Sociedad de Fútbol,Real Sociedad,RSO,UD Almería,Almería,ALM,2,2,1,1,DRAW,Isidro Díaz de Mera
438777,2023,31,2024-04-15,FINISHED,CA Osasuna,Osasuna,OSA,Valencia CF,Valencia,VAL,0,1,0,1,AWAY_TEAM,José Munuera Montero
438784,2023,32,2024-04-19,FINISHED,Athletic Club,Athletic,ATH,Granada CF,Granada,GRA,1,1,1,1,DRAW,Javier Iglesias Villanueva
438785,2023,32,2024-04-20,FINISHED,RC Celta de Vigo,Celta,CEL,UD Las Palmas,Las Palmas,LPA,4,1,2,1,HOME_TEAM,Francisco Hernández Maeso
438791,2023,32,2024-04-20,FINISHED,Rayo Vallecano de Madrid,Rayo Vallecano,RAY,CA Osasuna,Osasuna,OSA,2,1,0,1,HOME_TEAM,Mario Melero López
438790,2023,32,2024-04-20,FINISHED,Valencia CF,Valencia,VAL,Real Betis Balompié,Real Betis,BET,1,2,0,1,AWAY_TEAM,Mateo Busquets Ferrer
438788,2023,32,2024-04-20,FINISHED,Girona FC,Girona,GIR,Cádiz CF,Cádiz CF,CAD,4,1,2,0,HOME_TEAM,Javier Alberola Rojas
438787,2023,32,2024-04-21,FINISHED,Getafe CF,Getafe,GET,Real Sociedad de Fútbol,Real Sociedad,RSO,1,1,1,1,DRAW,Víctor García Verdura
438793,2023,32,2024-04-21,FINISHED,UD Almería,Almería,ALM,Villarreal CF,Villarreal,VIL,1,2,1,1,AWAY_TEAM,Miguel Ortiz Arias
438786,2023,32,2024-04-21,FINISHED,Deportivo Alavés,Alavés,ALA,Club Atlético de Madrid,Atleti,ATL,2,0,1,0,HOME_TEAM,Jesús Gil Manzano
438792,2023,32,2024-04-21,FINISHED,Real Madrid CF,Real Madrid,RMA,FC Barcelona,Barça,FCB,3,2,1,1,HOME_TEAM,César Soto Grado
438789,2023,32,2024-04-22,FINISHED,Sevilla FC,Sevilla FC,SEV,RCD Mallorca,Mallorca,MAL,2,1,0,0,HOME_TEAM,Alejandro Hernández Hernández
438801,2023,33,2024-04-26,FINISHED,Real Sociedad de Fútbol,Real Sociedad,RSO,Real Madrid CF,Real Madrid,RMA,0,1,0,1,AWAY_TEAM,José Munuera Montero
438803,2023,33,2024-04-27,FINISHED,UD Las Palmas,Las Palmas,LPA,Girona FC,Girona,GIR,0,2,0,1,AWAY_TEAM,Jorge Figueroa Vázquez
438802,2023,33,2024-04-27,FINISHED,UD Almería,Almería,ALM,Getafe CF,Getafe,GET,1,3,1,1,AWAY_TEAM,Guillermo Cuadra Fernández
438796,2023,33,2024-04-27,FINISHED,Deportivo Alavés,Alavés,ALA,RC Celta de Vigo,Celta,CEL,3,0,0,0,HOME_TEAM,Juan Pulido Santana
438794,2023,33,2024-04-27,FINISHED,Club Atlético de Madrid,Atleti,ATL,Athletic Club,Athletic,ATH,3,1,1,1,HOME_TEAM,Juan Martínez Munuera
438798,2023,33,2024-04-28,FINISHED,Cádiz CF,Cádiz CF,CAD,RCD Mallorca,Mallorca,MAL,1,1,0,1,DRAW,Isidro Díaz de Mera
438799,2023,33,2024-04-28,FINISHED,Granada CF,Granada,GRA,CA Osasuna,Osasuna,OSA,3,0,1,0,HOME_TEAM,Alejandro Muñiz Ruiz
438800,2023,33,2024-04-28,FINISHED,Villarreal CF,Villarreal,VIL,Rayo Vallecano de Madrid,Rayo Vallecano,RAY,3,0,1,0,HOME_TEAM,Pablo González Fuertes
438795,2023,33,2024-04-28,FINISHED,Real Betis Balompié,Real Betis,BET,Sevilla FC,Sevilla FC,SEV,1,1,1,0,DRAW,José Sánchez Martínez
438797,2023,33,2024-04-29,FINISHED,FC Barcelona,Barça,FCB,Valencia CF,Valencia,VAL,4,2,1,2,HOME_TEAM,Ricardo de Burgos
438806,2023,34,2024-05-03,FINISHED,Getafe CF,Getafe,GET,Athletic Club,Athletic,ATH,0,2,0,1,AWAY_TEAM,Jesús Gil Manzano
438813,2023,34,2024-05-04,FINISHED,Real Sociedad de Fútbol,Real Sociedad,RSO,UD Las Palmas,Las Palmas,LPA,2,0,2,0,HOME_TEAM,Miguel Ortiz Arias
438812,2023,34,2024-05-04,FINISHED,Real Madrid CF,Real Madrid,RMA,Cádiz CF,Cádiz CF,CAD,3,0,0,0,HOME_TEAM,Javier Iglesias Villanueva
438807,2023,34,2024-05-04,FINISHED,Girona FC,Girona,GIR,FC Barcelona,Barça,FCB,4,2,1,2,HOME_TEAM,Alejandro Hernández Hernández
438811,2023,34,2024-05-04,FINISHED,RCD Mallorca,Mallorca,MAL,Club Atlético de Madrid,Atleti,ATL,0,1,0,1,AWAY_TEAM,Javier Alberola Rojas
438804,2023,34,2024-05-05,FINISHED,CA Osasuna,Osasuna,OSA,Real Betis Balompié,Real Betis,BET,0,2,0,2,AWAY_TEAM,Víctor García Verdura
438805,2023,34,2024-05-05,FINISHED,RC Celta de Vigo,Celta,CEL,Villarreal CF,Villarreal,VIL,3,2,2,1,HOME_TEAM,César Soto Grado
438809,2023,34,2024-05-05,FINISHED,Valencia CF,Valencia,VAL,Deportivo Alavés,Alavés,ALA,0,1,0,0,AWAY_TEAM,Mario Melero López
438808,2023,34,2024-05-05,FINISHED,Sevilla FC,Sevilla FC,SEV,Granada CF,Granada,GRA,3,0,1,0,HOME_TEAM,Mateo Busquets Ferrer
438810,2023,34,2024-05-05,FINISHED,Rayo Vallecano de Madrid,Rayo Vallecano,RAY,UD Almería,Almería,ALM,0,1,0,1,AWAY_TEAM,Francisco Hernández Maeso
438817,2023,35,2024-05-10,FINISHED,Deportivo Alavés,Alavés,ALA,Girona FC,Girona,GIR,2,2,1,2,DRAW,José Munuera Montero
438823,2023,35,2024-05-11,FINISHED,RCD Mallorca,Mallorca,MAL,UD Las Palmas,Las Palmas,LPA,1,0,1,0,HOME_TEAM,Juan Martínez Munuera
438822,2023,35,2024-05-11,FINISHED,Villarreal CF,Villarreal,VIL,Sevilla FC,Sevilla FC,SEV,3,2,1,2,HOME_TEAM,Isidro Díaz de Mera
438820,2023,35,2024-05-11,FINISHED,Granada CF,Granada,GRA,Real Madrid CF,Real Madrid,RMA,0,4,0,2,AWAY_TEAM,Pablo González Fuertes
438814,2023,35,2024-05-11,FINISHED,Athletic Club,Athletic,ATH,CA Osasuna,Osasuna,OSA,2,2,0,1,DRAW,José Sánchez Martínez
438819,2023,35,2024-05-12,FINISHED,Cádiz CF,Cádiz CF,CAD,Getafe CF,Getafe,GET,1,0,1,0,HOME_TEAM,Ricardo de Burgos
438815,2023,35,2024-05-12,FINISHED,Club Atlético de Madrid,Atleti,ATL,RC Celta de Vigo,Celta,CEL,1,0,0,0,HOME_TEAM,Jorge Figueroa Vázquez
438821,2023,35,2024-05-12,FINISHED,Valencia CF,Valencia,VAL,Rayo Vallecano de Madrid,Rayo Vallecano,RAY,0,0,0,0,DRAW,Juan Pulido Santana
438816,2023,35,2024-05-12,FINISHED,Real Betis Balompié,Real Betis,BET,UD Almería,Almería,ALM,3,2,2,1,HOME_TEAM,Alejandro Muñiz Ruiz
438818,2023,35,2024-05-13,FINISHED,FC Barcelona,Barça,FCB,Real Sociedad de Fútbol,Real Sociedad,RSO,2,0,1,0,HOME_TEAM,Guillermo Cuadra Fernández
438824,2023,36,2024-05-14,FINISHED,CA Osasuna,Osasuna,OSA,RCD Mallorca,Mallorca,MAL,1,1,1,0,DRAW,Francisco Hernández Maeso
438830,2023,36,2024-05-14,FINISHED,Real Madrid CF,Real Madrid,RMA,Deportivo Alavés,Alavés,ALA,5,0,3,0,HOME_TEAM,Mateo Busquets Ferrer
438827,2023,36,2024-05-14,FINISHED,Girona FC,Girona,GIR,Villarreal CF,Villarreal,VIL,0,1,0,0,AWAY_TEAM,José Sánchez Martínez
438828,2023,36,2024-05-15,FINISHED,Sevilla FC,Sevilla FC,SEV,Cádiz CF,Cádiz CF,CAD,0,1,0,0,AWAY_TEAM,Miguel Ortiz Arias
438829,2023,36,2024-05-15,FINISHED,Rayo Vallecano de Madrid,Rayo Vallecano,RAY,Granada CF,Granada,GRA,2,1,1,0,HOME_TEAM,Isidro Díaz de Mera
438825,2023,36,2024-05-15,FINISHED,RC Celta de Vigo,Celta,CEL,Athletic Club,Athletic,ATH,2,1,0,1,HOME_TEAM,Víctor García Verdura
438826,2023,36,2024-05-15,FINISHED,Getafe CF,Getafe,GET,Club Atlético de Madrid,Atleti,ATL,0,3,0,2,AWAY_TEAM,Mario Melero López
438833,2023,36,2024-05-16,FINISHED,UD Las Palmas,Las Palmas,LPA,Real Betis Balompié,Real Betis,BET,2,2,1,1,DRAW,Javier Iglesias Villanueva
438832,2023,36,2024-05-16,FINISHED,UD Almería,Almería,ALM,FC Barcelona,Barça,FCB,0,2,0,1,AWAY_TEAM,Javier Alberola Rojas
438831,2023,36,2024-05-16,FINISHED,Real Sociedad de Fútbol,Real Sociedad,RSO,Valencia CF,Valencia,VAL,1,0,1,0,HOME_TEAM,César Soto Grado
438837,2023,37,2024-05-18,FINISHED,Deportivo Alavés,Alavés,ALA,Getafe CF,Getafe,GET,1,0,1,0,HOME_TEAM,Jorge Figueroa Vázquez
438834,2023,37,2024-05-19,FINISHED,Athletic Club,Athletic,ATH,Sevilla FC,Sevilla FC,SEV,2,0,2,0,HOME_TEAM,Juan Pulido Santana
438835,2023,37,2024-05-19,FINISHED,Club Atlético de Madrid,Atleti,ATL,CA Osasuna,Osasuna,OSA,1,4,0,1,AWAY_TEAM,Pablo González Fuertes
438836,2023,37,2024-05-19,FINISHED,Real Betis Balompié,Real Betis,BET,Real Sociedad de Fútbol,Real Sociedad,RSO,0,2,0,2,AWAY_TEAM,Juan Martínez Munuera
438838,2023,37,2024-05-19,FINISHED,FC Barcelona,Barça,FCB,Rayo Vallecano de Madrid,Rayo Vallecano,RAY,3,0,1,0,HOME_TEAM,Jesús Gil Manzano
438839,2023,37,2024-05-19,FINISHED,Cádiz CF,Cádiz CF,CAD,UD Las Palmas,Las Palmas,LPA,0,0,0,0,DRAW,César Soto Grado
438840,2023,37,2024-05-19,FINISHED,Granada CF,Granada,GRA,RC Celta de Vigo,Celta,CEL,1,2,0,0,AWAY_TEAM,Javier Alberola Rojas
438841,2023,37,2024-05-19,FINISHED,Valencia CF,Valencia,VAL,Girona FC,Girona,GIR,1,3,0,1,AWAY_TEAM,Guillermo Cuadra Fernández
438842,2023,37,2024-05-19,FINISHED,Villarreal CF,Villarreal,VIL,Real Madrid CF,Real Madrid,RMA,4,4,1,4,DRAW,Alejandro Hernández Hernández
438843,2023,37,2024-05-19,FINISHED,RCD Mallorca,Mallorca,MAL,UD Almería,Almería,ALM,2,2,1,1,DRAW,Ricardo de Burgos
438847,2023,38,2024-05-24,FINISHED,Girona FC,Girona,GIR,Granada CF,Granada,GRA,7,0,3,0,HOME_TEAM,Alejandro Muñiz Ruiz
438844,2023,38,2024-05-25,FINISHED,CA Osasuna,Osasuna,OSA,Villarreal CF,Villarreal,VIL,1,1,1,0,DRAW,Mario Melero López
438851,2023,38,2024-05-25,FINISHED,Real Sociedad de Fútbol,Real Sociedad,RSO,Club Atlético de Madrid,Atleti,ATL,0,2,0,1,AWAY_TEAM,José Sánchez Martínez
438849,2023,38,2024-05-25,FINISHED,Rayo Vallecano de Madrid,Rayo Vallecano,RAY,Athletic Club,Athletic,ATH,0,1,0,0,AWAY_TEAM,José Munuera Montero
438852,2023,38,2024-05-25,FINISHED,UD Almería,Almería,ALM,Cádiz CF,Cádiz CF,CAD,6,1,0,1,HOME_TEAM,Mateo Busquets Ferrer
438850,2023,38,2024-05-25,FINISHED,Real Madrid CF,Real Madrid,RMA,Real Betis Balompié,Real Betis,BET,0,0,0,0,DRAW,Isidro Díaz de Mera
438846,2023,38,2024-05-26,FINISHED,Getafe CF,Getafe,GET,RCD Mallorca,Mallorca,MAL,1,2,0,0,AWAY_TEAM,Víctor García Verdura
438845,2023,38,2024-05-26,FINISHED,RC Celta de Vigo,Celta,CEL,Valencia CF,Valencia,VAL,2,2,0,1,DRAW,Miguel Ortiz Arias
438853,2023,38,2024-05-26,FINISHED,UD Las Palmas,Las Palmas,LPA,Deportivo Alavés,Alavés,ALA,1,1,0,0,DRAW,Francisco Hernández Maeso
438848,2023,38,2024-05-26,FINISHED,Sevilla FC,Sevilla FC,SEV,FC Barcelona,Barça,FCB,1,2,1,1,AWAY_TEAM,Javier Iglesias Villanueva
