match_id,season,matchday,date,status,home_team,home_team_short,home_team_tla,away_team,away_team_short,away_team_tla,home_goals_ft,away_goals_ft,home_goals_ht,away_goals_ht,result,referee
503046,2024,1,2024-08-17,FINISHED,Genoa CFC,Genoa,GEN,FC Internazionale Milano,Inter,INT,2,2,1,1,DRAW,Ermanno Feliciani
503052,2024,1,2024-08-17,FINISHED,Parma Calcio 1913,Parma,PAR,ACF Fiorentina,Fiorentina,FIO,1,1,1,0,DRAW,Giovanni Ayroldi
503045,2024,1,2024-08-17,FINISHED,Empoli FC,Empoli,EMP,AC Monza,Monza,MON,0,0,0,0,DRAW,Michael Fabbri
503051,2024,1,2024-08-17,FINISHED,AC Milan,Milan,MIL,Torino FC,Torino,TOR,2,2,0,1,DRAW,Fabio Maresca
503043,2024,1,2024-08-18,FINISHED,Bologna FC 1909,Bologna,BOL,Udinese Calcio,Udinese,UDI,1,1,0,0,DRAW,Maria Caputi
503047,2024,1,2024-08-18,FINISHED,Hellas Verona FC,Verona,HVE,SSC Napoli,Napoli,NAP,3,0,0,0,HOME_TEAM,Matteo Marchetti
503044,2024,1,2024-08-18,FINISHED,Cagliari Calcio,Cagliari,CAG,AS Roma,Roma,ROM,0,0,0,0,DRAW,Federico La Penna
503049,2024,1,2024-08-18,FINISHED,SS Lazio,Lazio,LAZ,Venezia FC,Venezia FC,VEN,3,1,2,1,HOME_TEAM,Paride Tremolada
503050,2024,1,2024-08-19,FINISHED,US Lecce,Lecce,USL,Atalanta BC,Atalanta,ATA,0,4,0,2,AWAY_TEAM,Federico Dionisi
503048,2024,1,2024-08-19,FINISHED,Juventus FC,Juventus,JUV,Como 1907,Como 1907,COM,3,0,2,0,HOME_TEAM,Matteo Marcenaro
503059,2024,2,2024-08-24,FINISHED,Parma Calcio 1913,Parma,PAR,AC Milan,Milan,MIL,2,1,1,0,HOME_TEAM,Juan Luca Sacchi
503062,2024,2,2024-08-24,FINISHED,Udinese Calcio,Udinese,UDI,SS Lazio,Lazio,LAZ,2,1,1,0,HOME_TEAM,Daniele Doveri
503056,2024,2,2024-08-24,FINISHED,FC Internazionale Milano,Inter,INT,US Lecce,Lecce,USL,2,0,1,0,HOME_TEAM,Davide Di Marco
503057,2024,2,2024-08-24,FINISHED,AC Monza,Monza,MON,Genoa CFC,Genoa,GEN,0,1,0,1,AWAY_TEAM,Maurizio Mariani
503054,2024,2,2024-08-25,FINISHED,ACF Fiorentina,Fiorentina,FIO,Venezia FC,Venezia FC,VEN,0,0,0,0,DRAW,Simone Sozza
503061,2024,2,2024-08-25,FINISHED,Torino FC,Torino,TOR,Atalanta BC,Atalanta,ATA,2,1,1,1,HOME_TEAM,Antonio Rapuano
503058,2024,2,2024-08-25,FINISHED,SSC Napoli,Napoli,NAP,Bologna FC 1909,Bologna,BOL,3,0,1,0,HOME_TEAM,Luca Pairetto
503060,2024,2,2024-08-25,FINISHED,AS Roma,Roma,ROM,Empoli FC,Empoli,EMP,1,2,0,1,AWAY_TEAM,Luca Zufferli
503053,2024,2,2024-08-26,FINISHED,Cagliari Calcio,Cagliari,CAG,Como 1907,Como 1907,COM,1,1,1,0,DRAW,Marco Di Bello
503055,2024,2,2024-08-26,FINISHED,Hellas Verona FC,Verona,HVE,Juventus FC,Juventus,JUV,0,3,0,2,AWAY_TEAM,Antonio Giua
503072,2024,3,2024-08-30,FINISHED,Venezia FC,Venezia FC,VEN,Torino FC,Torino,TOR,0,1,0,0,AWAY_TEAM,Matteo Marcenaro
503066,2024,3,2024-08-30,FINISHED,FC Internazionale Milano,Inter,INT,Atalanta BC,Atalanta,ATA,4,0,2,0,HOME_TEAM,Matteo Marchetti
503063,2024,3,2024-08-31,FINISHED,Bologna FC 1909,Bologna,BOL,Empoli FC,Empoli,EMP,1,1,1,1,DRAW,Livio Marinelli
503069,2024,3,2024-08-31,FINISHED,US Lecce,Lecce,USL,Cagliari Calcio,Cagliari,CAG,1,0,1,0,HOME_TEAM,Michael Fabbri
503068,2024,3,2024-08-31,FINISHED,SS Lazio,Lazio,LAZ,AC Milan,Milan,MIL,2,2,0,1,DRAW,Davide Massa
503070,2024,3,2024-08-31,FINISHED,SSC Napoli,Napoli,NAP,Parma Calcio 1913,Parma,PAR,2,1,0,1,HOME_TEAM,Paride Tremolada
503064,2024,3,2024-09-01,FINISHED,ACF Fiorentina,Fiorentina,FIO,AC Monza,Monza,MON,2,2,1,2,DRAW,Andrea Colombo
503065,2024,3,2024-09-01,FINISHED,Genoa CFC,Genoa,GEN,Hellas Verona FC,Verona,HVE,0,2,0,0,AWAY_TEAM,Giovanni Ayroldi
503067,2024,3,2024-09-01,FINISHED,Juventus FC,Juventus,JUV,AS Roma,Roma,ROM,0,0,0,0,DRAW,Marco Guida
503071,2024,3,2024-09-01,FINISHED,Udinese Calcio,Udinese,UDI,Como 1907,Como 1907,COM,1,0,1,0,HOME_TEAM,Alessandro Prontera
503075,2024,4,2024-09-14,FINISHED,Como 1907,Como 1907,COM,Bologna FC 1909,Bologna,BOL,2,2,1,0,DRAW,Marco Piccinini
503076,2024,4,2024-09-14,FINISHED,Empoli FC,Empoli,EMP,Juventus FC,Juventus,JUV,0,0,0,0,DRAW,Marco Di Bello
503079,2024,4,2024-09-14,FINISHED,AC Milan,Milan,MIL,Venezia FC,Venezia FC,VEN,4,0,4,0,HOME_TEAM,Davide Di Marco
503077,2024,4,2024-09-15,FINISHED,Genoa CFC,Genoa,GEN,AS Roma,Roma,ROM,1,1,0,1,DRAW,Antonio Giua
503073,2024,4,2024-09-15,FINISHED,Atalanta BC,Atalanta,ATA,ACF Fiorentina,Fiorentina,FIO,3,2,3,2,HOME_TEAM,Juan Luca Sacchi
503082,2024,4,2024-09-15,FINISHED,Torino FC,Torino,TOR,US Lecce,Lecce,USL,0,0,0,0,DRAW,Andrea Colombo
503074,2024,4,2024-09-15,FINISHED,Cagliari Calcio,Cagliari,CAG,SSC Napoli,Napoli,NAP,0,4,0,1,AWAY_TEAM,Federico La Penna
503080,2024,4,2024-09-15,FINISHED,AC Monza,Monza,MON,FC Internazionale Milano,Inter,INT,1,1,0,0,DRAW,Luca Pairetto
503081,2024,4,2024-09-16,FINISHED,Parma Calcio 1913,Parma,PAR,Udinese Calcio,Udinese,UDI,2,3,2,0,AWAY_TEAM,Rosario Abisso
503078,2024,4,2024-09-16,FINISHED,SS Lazio,Lazio,LAZ,Hellas Verona FC,Verona,HVE,2,1,2,1,HOME_TEAM,Luca Zufferli
503084,2024,5,2024-09-20,FINISHED,Cagliari Calcio,Cagliari,CAG,Empoli FC,Empoli,EMP,0,2,0,1,AWAY_TEAM,Simone Sozza
503086,2024,5,2024-09-20,FINISHED,Hellas Verona FC,Verona,HVE,Torino FC,Torino,TOR,2,3,1,2,AWAY_TEAM,Livio Marinelli
503092,2024,5,2024-09-21,FINISHED,Venezia FC,Venezia FC,VEN,Genoa CFC,Genoa,GEN,2,0,0,0,HOME_TEAM,Matteo Marchetti
503088,2024,5,2024-09-21,FINISHED,Juventus FC,Juventus,JUV,SSC Napoli,Napoli,NAP,0,0,0,0,DRAW,Daniele Doveri
503089,2024,5,2024-09-21,FINISHED,US Lecce,Lecce,USL,Parma Calcio 1913,Parma,PAR,2,2,1,0,DRAW,Marco Guida
503085,2024,5,2024-09-22,FINISHED,ACF Fiorentina,Fiorentina,FIO,SS Lazio,Lazio,LAZ,2,1,0,1,HOME_TEAM,Matteo Marcenaro
503090,2024,5,2024-09-22,FINISHED,AC Monza,Monza,MON,Bologna FC 1909,Bologna,BOL,1,2,1,1,AWAY_TEAM,Davide Massa
503091,2024,5,2024-09-22,FINISHED,AS Roma,Roma,ROM,Udinese Calcio,Udinese,UDI,3,0,1,0,HOME_TEAM,Ermanno Feliciani
503087,2024,5,2024-09-22,FINISHED,FC Internazionale Milano,Inter,INT,AC Milan,Milan,MIL,1,2,1,1,AWAY_TEAM,Maurizio Mariani
503083,2024,5,2024-09-24,FINISHED,Atalanta BC,Atalanta,ATA,Como 1907,Como 1907,COM,2,3,1,0,AWAY_TEAM,Paride Tremolada
503097,2024,6,2024-09-27,FINISHED,AC Milan,Milan,MIL,US Lecce,Lecce,USL,3,0,3,0,HOME_TEAM,Luca Zufferli
503102,2024,6,2024-09-28,FINISHED,Udinese Calcio,Udinese,UDI,FC Internazionale Milano,Inter,INT,2,3,1,2,AWAY_TEAM,Juan Luca Sacchi
503096,2024,6,2024-09-28,FINISHED,Genoa CFC,Genoa,GEN,Juventus FC,Juventus,JUV,0,3,0,0,AWAY_TEAM,Andrea Colombo
503093,2024,6,2024-09-28,FINISHED,Bologna FC 1909,Bologna,BOL,Atalanta BC,Atalanta,ATA,1,1,0,0,DRAW,Antonio Rapuano
503101,2024,6,2024-09-29,FINISHED,Torino FC,Torino,TOR,SS Lazio,Lazio,LAZ,2,3,0,1,AWAY_TEAM,Simone Sozza
503094,2024,6,2024-09-29,FINISHED,Como 1907,Como 1907,COM,Hellas Verona FC,Verona,HVE,3,2,1,0,HOME_TEAM,Antonio Giua
503100,2024,6,2024-09-29,FINISHED,AS Roma,Roma,ROM,Venezia FC,Venezia FC,VEN,2,1,0,1,HOME_TEAM,Rosario Abisso
503095,2024,6,2024-09-29,FINISHED,Empoli FC,Empoli,EMP,ACF Fiorentina,Fiorentina,FIO,0,0,0,0,DRAW,Gianluca Aureliano
503098,2024,6,2024-09-29,FINISHED,SSC Napoli,Napoli,NAP,AC Monza,Monza,MON,2,0,2,0,HOME_TEAM,Gianluca Manganiello
503099,2024,6,2024-09-30,FINISHED,Parma Calcio 1913,Parma,PAR,Cagliari Calcio,Cagliari,CAG,2,3,0,1,AWAY_TEAM,Francesco Fourneau
503111,2024,7,2024-10-04,FINISHED,SSC Napoli,Napoli,NAP,Como 1907,Como 1907,COM,3,1,1,1,HOME_TEAM,Ermanno Feliciani
503106,2024,7,2024-10-04,FINISHED,Hellas Verona FC,Verona,HVE,Venezia FC,Venezia FC,VEN,2,1,1,1,HOME_TEAM,Marco Guida
503112,2024,7,2024-10-05,FINISHED,Udinese Calcio,Udinese,UDI,US Lecce,Lecce,USL,1,0,0,0,HOME_TEAM,Maurizio Mariani
503103,2024,7,2024-10-05,FINISHED,Atalanta BC,Atalanta,ATA,Genoa CFC,Genoa,GEN,5,1,1,0,HOME_TEAM,Daniele Chiffi
503107,2024,7,2024-10-05,FINISHED,FC Internazionale Milano,Inter,INT,Torino FC,Torino,TOR,3,2,2,1,HOME_TEAM,Matteo Marcenaro
503108,2024,7,2024-10-06,FINISHED,Juventus FC,Juventus,JUV,Cagliari Calcio,Cagliari,CAG,1,1,1,0,DRAW,Livio Marinelli
503104,2024,7,2024-10-06,FINISHED,Bologna FC 1909,Bologna,BOL,Parma Calcio 1913,Parma,PAR,0,0,0,0,DRAW,Marco Di Bello
503109,2024,7,2024-10-06,FINISHED,SS Lazio,Lazio,LAZ,Empoli FC,Empoli,EMP,2,1,1,1,HOME_TEAM,Giovanni Ayroldi
503110,2024,7,2024-10-06,FINISHED,AC Monza,Monza,MON,AS Roma,Roma,ROM,1,1,0,0,DRAW,Federico La Penna
503105,2024,7,2024-10-06,FINISHED,ACF Fiorentina,Fiorentina,FIO,AC Milan,Milan,MIL,2,1,1,0,HOME_TEAM,Luca Pairetto
503114,2024,8,2024-10-19,FINISHED,Como 1907,Como 1907,COM,Parma Calcio 1913,Parma,PAR,1,1,1,1,DRAW,Michael Fabbri
503116,2024,8,2024-10-19,FINISHED,Genoa CFC,Genoa,GEN,Bologna FC 1909,Bologna,BOL,2,2,0,1,DRAW,Daniele Doveri
503120,2024,8,2024-10-19,FINISHED,AC Milan,Milan,MIL,Udinese Calcio,Udinese,UDI,1,0,1,0,HOME_TEAM,Daniele Chiffi
503118,2024,8,2024-10-19,FINISHED,Juventus FC,Juventus,JUV,SS Lazio,Lazio,LAZ,1,0,0,0,HOME_TEAM,Juan Luca Sacchi
503115,2024,8,2024-10-20,FINISHED,Empoli FC,Empoli,EMP,SSC Napoli,Napoli,NAP,0,1,0,0,AWAY_TEAM,Rosario Abisso
503119,2024,8,2024-10-20,FINISHED,US Lecce,Lecce,USL,ACF Fiorentina,Fiorentina,FIO,0,6,0,3,AWAY_TEAM,Francesco Fourneau
503122,2024,8,2024-10-20,FINISHED,Venezia FC,Venezia FC,VEN,Atalanta BC,Atalanta,ATA,0,2,0,1,AWAY_TEAM,Luca Zufferli
503113,2024,8,2024-10-20,FINISHED,Cagliari Calcio,Cagliari,CAG,Torino FC,Torino,TOR,3,2,1,1,HOME_TEAM,Gianluca Aureliano
503121,2024,8,2024-10-20,FINISHED,AS Roma,Roma,ROM,FC Internazionale Milano,Inter,INT,0,1,0,0,AWAY_TEAM,Davide Massa
503117,2024,8,2024-10-21,FINISHED,Hellas Verona FC,Verona,HVE,AC Monza,Monza,MON,0,3,0,1,AWAY_TEAM,Federico Dionisi
503132,2024,9,2024-10-25,FINISHED,Udinese Calcio,Udinese,UDI,Cagliari Calcio,Cagliari,CAG,2,0,1,0,HOME_TEAM,Gianluca Manganiello
503131,2024,9,2024-10-25,FINISHED,Torino FC,Torino,TOR,Como 1907,Como 1907,COM,1,0,0,0,HOME_TEAM,Giovanni Ayroldi
503129,2024,9,2024-10-26,FINISHED,SSC Napoli,Napoli,NAP,US Lecce,Lecce,USL,1,0,0,0,HOME_TEAM,Paride Tremolada
503123,2024,9,2024-10-26,FINISHED,Atalanta BC,Atalanta,ATA,Hellas Verona FC,Verona,HVE,6,1,5,1,HOME_TEAM,Ermanno Feliciani
503130,2024,9,2024-10-27,FINISHED,Parma Calcio 1913,Parma,PAR,Empoli FC,Empoli,EMP,1,1,0,1,DRAW,Federico La Penna
503127,2024,9,2024-10-27,FINISHED,SS Lazio,Lazio,LAZ,Genoa CFC,Genoa,GEN,3,0,1,0,HOME_TEAM,Marco Piccinini
503128,2024,9,2024-10-27,FINISHED,AC Monza,Monza,MON,Venezia FC,Venezia FC,VEN,2,2,2,2,DRAW,Antonio Rapuano
503126,2024,9,2024-10-27,FINISHED,FC Internazionale Milano,Inter,INT,Juventus FC,Juventus,JUV,4,4,3,2,DRAW,Marco Guida
503125,2024,9,2024-10-27,FINISHED,ACF Fiorentina,Fiorentina,FIO,AS Roma,Roma,ROM,5,1,3,1,HOME_TEAM,Simone Sozza
503134,2024,10,2024-10-29,FINISHED,Cagliari Calcio,Cagliari,CAG,Bologna FC 1909,Bologna,BOL,0,2,0,1,AWAY_TEAM,Francesco Fourneau
503139,2024,10,2024-10-29,FINISHED,US Lecce,Lecce,USL,Hellas Verona FC,Verona,HVE,1,0,0,0,HOME_TEAM,Maurizio Mariani
503140,2024,10,2024-10-29,FINISHED,AC Milan,Milan,MIL,SSC Napoli,Napoli,NAP,0,2,0,2,AWAY_TEAM,Andrea Colombo
503136,2024,10,2024-10-30,FINISHED,Empoli FC,Empoli,EMP,FC Internazionale Milano,Inter,INT,0,3,0,0,AWAY_TEAM,Matteo Marchetti
503142,2024,10,2024-10-30,FINISHED,Venezia FC,Venezia FC,VEN,Udinese Calcio,Udinese,UDI,3,2,1,2,HOME_TEAM,Davide Massa
503133,2024,10,2024-10-30,FINISHED,Atalanta BC,Atalanta,ATA,AC Monza,Monza,MON,2,0,0,0,HOME_TEAM,Marco Piccinini
503138,2024,10,2024-10-30,FINISHED,Juventus FC,Juventus,JUV,Parma Calcio 1913,Parma,PAR,2,2,1,2,DRAW,Luca Zufferli
503137,2024,10,2024-10-31,FINISHED,Genoa CFC,Genoa,GEN,ACF Fiorentina,Fiorentina,FIO,0,1,0,0,AWAY_TEAM,Daniele Chiffi
503135,2024,10,2024-10-31,FINISHED,Como 1907,Como 1907,COM,SS Lazio,Lazio,LAZ,1,5,0,2,AWAY_TEAM,Luca Pairetto
503141,2024,10,2024-10-31,FINISHED,AS Roma,Roma,ROM,Torino FC,Torino,TOR,1,0,1,0,HOME_TEAM,Michael Fabbri
503143,2024,11,2024-11-02,FINISHED,Bologna FC 1909,Bologna,BOL,US Lecce,Lecce,USL,1,0,0,0,HOME_TEAM,Giuseppe Collu
503152,2024,11,2024-11-02,FINISHED,Udinese Calcio,Udinese,UDI,Juventus FC,Juventus,JUV,0,2,0,2,AWAY_TEAM,Rosario Abisso
503148,2024,11,2024-11-02,FINISHED,AC Monza,Monza,MON,AC Milan,Milan,MIL,0,1,0,1,AWAY_TEAM,Ermanno Feliciani
503149,2024,11,2024-11-03,FINISHED,SSC Napoli,Napoli,NAP,Atalanta BC,Atalanta,ATA,0,3,0,2,AWAY_TEAM,Daniele Doveri
503151,2024,11,2024-11-03,FINISHED,Torino FC,Torino,TOR,ACF Fiorentina,Fiorentina,FIO,0,1,0,1,AWAY_TEAM,Federico La Penna
503145,2024,11,2024-11-03,FINISHED,Hellas Verona FC,Verona,HVE,AS Roma,Roma,ROM,3,2,2,1,HOME_TEAM,Matteo Marcenaro
503146,2024,11,2024-11-03,FINISHED,FC Internazionale Milano,Inter,INT,Venezia FC,Venezia FC,VEN,1,0,0,0,HOME_TEAM,Maria Caputi
503144,2024,11,2024-11-04,FINISHED,Empoli FC,Empoli,EMP,Como 1907,Como 1907,COM,1,0,0,0,HOME_TEAM,Marco Di Bello
503150,2024,11,2024-11-04,FINISHED,Parma Calcio 1913,Parma,PAR,Genoa CFC,Genoa,GEN,0,1,0,0,AWAY_TEAM,Marco Guida
503147,2024,11,2024-11-04,FINISHED,SS Lazio,Lazio,LAZ,Cagliari Calcio,Cagliari,CAG,2,1,1,1,HOME_TEAM,Giovanni Ayroldi
503156,2024,12,2024-11-07,FINISHED,Genoa CFC,Genoa,GEN,Como 1907,Como 1907,COM,1,1,0,1,DRAW,Antonio Rapuano
503159,2024,12,2024-11-08,FINISHED,US Lecce,Lecce,USL,Empoli FC,Empoli,EMP,1,1,0,1,DRAW,Juan Luca Sacchi
503162,2024,12,2024-11-09,FINISHED,Venezia FC,Venezia FC,VEN,Parma Calcio 1913,Parma,PAR,1,2,1,1,AWAY_TEAM,Daniele Chiffi
503154,2024,12,2024-11-09,FINISHED,Cagliari Calcio,Cagliari,CAG,AC Milan,Milan,MIL,3,3,1,2,DRAW,Michael Fabbri
503158,2024,12,2024-11-09,FINISHED,Juventus FC,Juventus,JUV,Torino FC,Torino,TOR,2,0,1,0,HOME_TEAM,Simone Sozza
503153,2024,12,2024-11-10,FINISHED,Atalanta BC,Atalanta,ATA,Udinese Calcio,Udinese,UDI,2,1,0,1,HOME_TEAM,Marco Di Bello
503155,2024,12,2024-11-10,FINISHED,ACF Fiorentina,Fiorentina,FIO,Hellas Verona FC,Verona,HVE,3,1,1,1,HOME_TEAM,Luca Zufferli
503161,2024,12,2024-11-10,FINISHED,AS Roma,Roma,ROM,Bologna FC 1909,Bologna,BOL,2,3,0,1,AWAY_TEAM,Gianluca Manganiello
503160,2024,12,2024-11-10,FINISHED,AC Monza,Monza,MON,SS Lazio,Lazio,LAZ,0,1,0,1,AWAY_TEAM,Andrea Colombo
503157,2024,12,2024-11-10,FINISHED,FC Internazionale Milano,Inter,INT,SSC Napoli,Napoli,NAP,1,1,1,1,DRAW,Maurizio Mariani
503166,2024,13,2024-11-23,FINISHED,Hellas Verona FC,Verona,HVE,FC Internazionale Milano,Inter,INT,0,5,0,5,AWAY_TEAM,Andrea Colombo
503168,2024,13,2024-11-23,FINISHED,AC Milan,Milan,MIL,Juventus FC,Juventus,JUV,0,0,0,0,DRAW,Daniele Chiffi
503170,2024,13,2024-11-23,FINISHED,Parma Calcio 1913,Parma,PAR,Atalanta BC,Atalanta,ATA,1,3,0,2,AWAY_TEAM,Gianluca Manganiello
503165,2024,13,2024-11-24,FINISHED,Genoa CFC,Genoa,GEN,Cagliari Calcio,Cagliari,CAG,2,2,1,1,DRAW,Simone Sozza
503163,2024,13,2024-11-24,FINISHED,Como 1907,Como 1907,COM,ACF Fiorentina,Fiorentina,FIO,0,2,0,1,AWAY_TEAM,Matteo Marchetti
503171,2024,13,2024-11-24,FINISHED,Torino FC,Torino,TOR,AC Monza,Monza,MON,1,1,0,0,DRAW,Rosario Abisso
503169,2024,13,2024-11-24,FINISHED,SSC Napoli,Napoli,NAP,AS Roma,Roma,ROM,1,0,0,0,HOME_TEAM,Davide Massa
503167,2024,13,2024-11-24,FINISHED,SS Lazio,Lazio,LAZ,Bologna FC 1909,Bologna,BOL,3,0,0,0,HOME_TEAM,Antonio Rapuano
503164,2024,13,2024-11-25,FINISHED,Empoli FC,Empoli,EMP,Udinese Calcio,Udinese,UDI,1,1,1,0,DRAW,Livio Marinelli
503172,2024,13,2024-11-25,FINISHED,Venezia FC,Venezia FC,VEN,US Lecce,Lecce,USL,0,1,0,0,AWAY_TEAM,Luca Pairetto
503174,2024,14,2024-11-29,FINISHED,Cagliari Calcio,Cagliari,CAG,Hellas Verona FC,Verona,HVE,1,0,0,0,HOME_TEAM,Maurizio Mariani
503175,2024,14,2024-11-30,FINISHED,Como 1907,Como 1907,COM,AC Monza,Monza,MON,1,1,1,0,DRAW,Juan Luca Sacchi
503178,2024,14,2024-11-30,FINISHED,AC Milan,Milan,MIL,Empoli FC,Empoli,EMP,3,0,2,0,HOME_TEAM,Federico Dionisi
503173,2024,14,2024-11-30,FINISHED,Bologna FC 1909,Bologna,BOL,Venezia FC,Venezia FC,VEN,3,0,1,0,HOME_TEAM,Luca Massimi
503182,2024,14,2024-12-01,FINISHED,Udinese Calcio,Udinese,UDI,Genoa CFC,Genoa,GEN,0,2,0,1,AWAY_TEAM,Gianluca Aureliano
503179,2024,14,2024-12-01,FINISHED,Parma Calcio 1913,Parma,PAR,SS Lazio,Lazio,LAZ,3,1,1,0,HOME_TEAM,Luca Zufferli
503181,2024,14,2024-12-01,FINISHED,Torino FC,Torino,TOR,SSC Napoli,Napoli,NAP,0,1,0,1,AWAY_TEAM,Michael Fabbri
503177,2024,14,2024-12-01,FINISHED,US Lecce,Lecce,USL,Juventus FC,Juventus,JUV,1,1,0,0,DRAW,Antonio Rapuano
503180,2024,14,2024-12-02,FINISHED,AS Roma,Roma,ROM,Atalanta BC,Atalanta,ATA,0,2,0,0,AWAY_TEAM,Marco Guida
503187,2024,15,2024-12-06,FINISHED,FC Internazionale Milano,Inter,INT,Parma Calcio 1913,Parma,PAR,3,1,1,0,HOME_TEAM,Rosario Abisso
503183,2024,15,2024-12-06,FINISHED,Atalanta BC,Atalanta,ATA,AC Milan,Milan,MIL,2,1,1,1,HOME_TEAM,Federico La Penna
503185,2024,15,2024-12-07,FINISHED,Genoa CFC,Genoa,GEN,Torino FC,Torino,TOR,0,0,0,0,DRAW,Livio Marinelli
503188,2024,15,2024-12-07,FINISHED,Juventus FC,Juventus,JUV,Bologna FC 1909,Bologna,BOL,2,2,0,1,DRAW,Matteo Marchetti
503191,2024,15,2024-12-07,FINISHED,AS Roma,Roma,ROM,US Lecce,Lecce,USL,4,1,1,1,HOME_TEAM,Daniele Chiffi
503184,2024,15,2024-12-08,FINISHED,ACF Fiorentina,Fiorentina,FIO,Cagliari Calcio,Cagliari,CAG,1,0,1,0,HOME_TEAM,Marco Piccinini
503186,2024,15,2024-12-08,FINISHED,Hellas Verona FC,Verona,HVE,Empoli FC,Empoli,EMP,1,4,1,4,AWAY_TEAM,Marco Di Bello
503192,2024,15,2024-12-08,FINISHED,Venezia FC,Venezia FC,VEN,Como 1907,Como 1907,COM,2,2,1,0,DRAW,Daniele Doveri
503190,2024,15,2024-12-08,FINISHED,SSC Napoli,Napoli,NAP,SS Lazio,Lazio,LAZ,0,1,0,0,AWAY_TEAM,Andrea Colombo
503189,2024,15,2024-12-09,FINISHED,AC Monza,Monza,MON,Udinese Calcio,Udinese,UDI,1,2,0,1,AWAY_TEAM,Gianluca Manganiello
503196,2024,16,2024-12-13,FINISHED,Empoli FC,Empoli,EMP,Torino FC,Torino,TOR,0,1,0,0,AWAY_TEAM,Kevin Bonacina
503194,2024,16,2024-12-14,FINISHED,Cagliari Calcio,Cagliari,CAG,Atalanta BC,Atalanta,ATA,0,1,0,0,AWAY_TEAM,Luca Pairetto
503202,2024,16,2024-12-14,FINISHED,Udinese Calcio,Udinese,UDI,SSC Napoli,Napoli,NAP,1,3,1,0,AWAY_TEAM,Daniele Doveri
503197,2024,16,2024-12-14,FINISHED,Juventus FC,Juventus,JUV,Venezia FC,Venezia FC,VEN,2,2,1,0,DRAW,Antonio Giua
503199,2024,16,2024-12-15,FINISHED,US Lecce,Lecce,USL,AC Monza,Monza,MON,2,1,2,1,HOME_TEAM,Maurizio Mariani
503193,2024,16,2024-12-15,FINISHED,Bologna FC 1909,Bologna,BOL,ACF Fiorentina,Fiorentina,FIO,1,0,0,0,HOME_TEAM,Michael Fabbri
503201,2024,16,2024-12-15,FINISHED,Parma Calcio 1913,Parma,PAR,Hellas Verona FC,Verona,HVE,2,3,1,1,AWAY_TEAM,Simone Sozza
503195,2024,16,2024-12-15,FINISHED,Como 1907,Como 1907,COM,AS Roma,Roma,ROM,2,0,0,0,HOME_TEAM,Antonio Rapuano
503200,2024,16,2024-12-15,FINISHED,AC Milan,Milan,MIL,Genoa CFC,Genoa,GEN,0,0,0,0,DRAW,Marco Guida
503198,2024,16,2024-12-16,FINISHED,SS Lazio,Lazio,LAZ,FC Internazionale Milano,Inter,INT,0,6,0,2,AWAY_TEAM,Daniele Chiffi
503206,2024,17,2024-12-20,FINISHED,Hellas Verona FC,Verona,HVE,AC Milan,Milan,MIL,0,1,0,0,AWAY_TEAM,Livio Marinelli
503211,2024,17,2024-12-21,FINISHED,Torino FC,Torino,TOR,Bologna FC 1909,Bologna,BOL,0,2,0,0,AWAY_TEAM,Marco Piccinini
503205,2024,17,2024-12-21,FINISHED,Genoa CFC,Genoa,GEN,SSC Napoli,Napoli,NAP,1,2,0,2,AWAY_TEAM,Federico La Penna
503208,2024,17,2024-12-21,FINISHED,US Lecce,Lecce,USL,SS Lazio,Lazio,LAZ,1,2,0,1,AWAY_TEAM,Gianluca Manganiello
503210,2024,17,2024-12-22,FINISHED,AS Roma,Roma,ROM,Parma Calcio 1913,Parma,PAR,5,0,2,0,HOME_TEAM,Marco Di Bello
503212,2024,17,2024-12-22,FINISHED,Venezia FC,Venezia FC,VEN,Cagliari Calcio,Cagliari,CAG,2,1,1,0,HOME_TEAM,Marco Guida
503203,2024,17,2024-12-22,FINISHED,Atalanta BC,Atalanta,ATA,Empoli FC,Empoli,EMP,3,2,2,1,HOME_TEAM,Ermanno Feliciani
503209,2024,17,2024-12-22,FINISHED,AC Monza,Monza,MON,Juventus FC,Juventus,JUV,1,2,1,2,AWAY_TEAM,Davide Massa
503204,2024,17,2024-12-23,FINISHED,ACF Fiorentina,Fiorentina,FIO,Udinese Calcio,Udinese,UDI,1,2,1,0,AWAY_TEAM,Matteo Marcenaro
503207,2024,17,2024-12-23,FINISHED,FC Internazionale Milano,Inter,INT,Como 1907,Como 1907,COM,2,0,0,0,HOME_TEAM,Antonio Giua
503216,2024,18,2024-12-28,FINISHED,Empoli FC,Empoli,EMP,Genoa CFC,Genoa,GEN,1,2,0,0,AWAY_TEAM,Antonio Rapuano
503221,2024,18,2024-12-28,FINISHED,Parma Calcio 1913,Parma,PAR,AC Monza,Monza,MON,2,1,0,0,HOME_TEAM,Federico La Penna
503214,2024,18,2024-12-28,FINISHED,Cagliari Calcio,Cagliari,CAG,FC Internazionale Milano,Inter,INT,0,3,0,0,AWAY_TEAM,Daniele Doveri
503218,2024,18,2024-12-28,FINISHED,SS Lazio,Lazio,LAZ,Atalanta BC,Atalanta,ATA,1,1,1,0,DRAW,Davide Massa
503222,2024,18,2024-12-29,FINISHED,Udinese Calcio,Udinese,UDI,Torino FC,Torino,TOR,2,2,1,0,DRAW,Francesco Fourneau
503220,2024,18,2024-12-29,FINISHED,SSC Napoli,Napoli,NAP,Venezia FC,Venezia FC,VEN,1,0,0,0,HOME_TEAM,Matteo Marchetti
503217,2024,18,2024-12-29,FINISHED,Juventus FC,Juventus,JUV,ACF Fiorentina,Fiorentina,FIO,2,2,1,1,DRAW,Maurizio Mariani
503219,2024,18,2024-12-29,FINISHED,AC Milan,Milan,MIL,AS Roma,Roma,ROM,1,1,1,1,DRAW,Michael Fabbri
503215,2024,18,2024-12-30,FINISHED,Como 1907,Como 1907,COM,US Lecce,Lecce,USL,2,0,0,0,HOME_TEAM,Marco Piccinini
503213,2024,18,2024-12-30,FINISHED,Bologna FC 1909,Bologna,BOL,Hellas Verona FC,Verona,HVE,2,3,1,2,AWAY_TEAM,Giovanni Ayroldi
503232,2024,19,2025-01-04,FINISHED,Venezia FC,Venezia FC,VEN,Empoli FC,Empoli,EMP,1,1,1,1,DRAW,Juan Luca Sacchi
503225,2024,19,2025-01-04,FINISHED,ACF Fiorentina,Fiorentina,FIO,SSC Napoli,Napoli,NAP,0,3,0,1,AWAY_TEAM,Gianluca Manganiello
503226,2024,19,2025-01-04,FINISHED,Hellas Verona FC,Verona,HVE,Udinese Calcio,Udinese,UDI,0,0,0,0,DRAW,Federico Dionisi
503229,2024,19,2025-01-05,FINISHED,AC Monza,Monza,MON,Cagliari Calcio,Cagliari,CAG,1,2,1,1,AWAY_TEAM,Marco Di Bello
503228,2024,19,2025-01-05,FINISHED,US Lecce,Lecce,USL,Genoa CFC,Genoa,GEN,0,0,0,0,DRAW,Livio Marinelli
503231,2024,19,2025-01-05,FINISHED,Torino FC,Torino,TOR,Parma Calcio 1913,Parma,PAR,0,0,0,0,DRAW,Ermanno Feliciani
503230,2024,19,2025-01-05,FINISHED,AS Roma,Roma,ROM,SS Lazio,Lazio,LAZ,2,0,2,0,HOME_TEAM,Marco Guida
503236,2024,20,2025-01-10,FINISHED,SS Lazio,Lazio,LAZ,Como 1907,Como 1907,COM,1,1,1,0,DRAW,Paride Tremolada
503234,2024,20,2025-01-11,FINISHED,Empoli FC,Empoli,EMP,US Lecce,Lecce,USL,1,3,0,2,AWAY_TEAM,Daniele Chiffi
503241,2024,20,2025-01-11,FINISHED,Udinese Calcio,Udinese,UDI,Atalanta BC,Atalanta,ATA,0,0,0,0,DRAW,Maurizio Mariani
503240,2024,20,2025-01-11,FINISHED,Torino FC,Torino,TOR,Juventus FC,Juventus,JUV,1,1,1,1,DRAW,Michael Fabbri
503237,2024,20,2025-01-11,FINISHED,AC Milan,Milan,MIL,Cagliari Calcio,Cagliari,CAG,1,1,0,0,DRAW,Matteo Marchetti
503235,2024,20,2025-01-12,FINISHED,Genoa CFC,Genoa,GEN,Parma Calcio 1913,Parma,PAR,1,0,0,0,HOME_TEAM,Andrea Colombo
503242,2024,20,2025-01-12,FINISHED,Venezia FC,Venezia FC,VEN,FC Internazionale Milano,Inter,INT,0,1,0,1,AWAY_TEAM,Marco Piccinini
503233,2024,20,2025-01-12,FINISHED,Bologna FC 1909,Bologna,BOL,AS Roma,Roma,ROM,2,2,0,0,DRAW,Rosario Abisso
503239,2024,20,2025-01-12,FINISHED,SSC Napoli,Napoli,NAP,Hellas Verona FC,Verona,HVE,2,0,1,0,HOME_TEAM,Luca Zufferli
503238,2024,20,2025-01-13,FINISHED,AC Monza,Monza,MON,ACF Fiorentina,Fiorentina,FIO,2,1,1,0,HOME_TEAM,Federico Dionisi
503224,2024,19,2025-01-14,FINISHED,Como 1907,Como 1907,COM,AC Milan,Milan,MIL,1,2,0,0,AWAY_TEAM,Gianluca Manganiello
503223,2024,19,2025-01-14,FINISHED,Atalanta BC,Atalanta,ATA,Juventus FC,Juventus,JUV,1,1,0,0,DRAW,Daniele Doveri
503227,2024,19,2025-01-15,FINISHED,FC Internazionale Milano,Inter,INT,Bologna FC 1909,Bologna,BOL,2,2,2,1,DRAW,Luca Pairetto
503252,2024,21,2025-01-17,FINISHED,AS Roma,Roma,ROM,Genoa CFC,Genoa,GEN,3,1,1,1,HOME_TEAM,Luca Zufferli
503244,2024,21,2025-01-18,FINISHED,Bologna FC 1909,Bologna,BOL,AC Monza,Monza,MON,3,1,2,1,HOME_TEAM,Maurizio Mariani
503250,2024,21,2025-01-18,FINISHED,Juventus FC,Juventus,JUV,AC Milan,Milan,MIL,2,0,0,0,HOME_TEAM,Davide Massa
503243,2024,21,2025-01-18,FINISHED,Atalanta BC,Atalanta,ATA,SSC Napoli,Napoli,NAP,2,3,1,2,AWAY_TEAM,Andrea Colombo
503247,2024,21,2025-01-19,FINISHED,ACF Fiorentina,Fiorentina,FIO,Torino FC,Torino,TOR,1,1,1,0,DRAW,Livio Marinelli
503245,2024,21,2025-01-19,FINISHED,Cagliari Calcio,Cagliari,CAG,US Lecce,Lecce,USL,4,1,0,1,HOME_TEAM,Juan Luca Sacchi
503251,2024,21,2025-01-19,FINISHED,Parma Calcio 1913,Parma,PAR,Venezia FC,Venezia FC,VEN,1,1,0,1,DRAW,Francesco Fourneau
503248,2024,21,2025-01-19,FINISHED,Hellas Verona FC,Verona,HVE,SS Lazio,Lazio,LAZ,0,3,0,2,AWAY_TEAM,Michael Fabbri
503249,2024,21,2025-01-19,FINISHED,FC Internazionale Milano,Inter,INT,Empoli FC,Empoli,EMP,3,1,0,0,HOME_TEAM,Ermanno Feliciani
503246,2024,21,2025-01-20,FINISHED,Como 1907,Como 1907,COM,Udinese Calcio,Udinese,UDI,4,1,2,0,HOME_TEAM,Francesco Cosso
503260,2024,22,2025-01-24,FINISHED,Torino FC,Torino,TOR,Cagliari Calcio,Cagliari,CAG,2,0,1,0,HOME_TEAM,Kevin Bonacina
503253,2024,22,2025-01-25,FINISHED,Como 1907,Como 1907,COM,Atalanta BC,Atalanta,ATA,1,2,1,0,AWAY_TEAM,Luca Pairetto
503259,2024,22,2025-01-25,FINISHED,SSC Napoli,Napoli,NAP,Juventus FC,Juventus,JUV,2,1,0,1,HOME_TEAM,Daniele Chiffi
503254,2024,22,2025-01-25,FINISHED,Empoli FC,Empoli,EMP,Bologna FC 1909,Bologna,BOL,1,1,1,1,DRAW,Federico La Penna
503258,2024,22,2025-01-26,FINISHED,AC Milan,Milan,MIL,Parma Calcio 1913,Parma,PAR,3,2,1,1,HOME_TEAM,Rosario Abisso
503261,2024,22,2025-01-26,FINISHED,Udinese Calcio,Udinese,UDI,AS Roma,Roma,ROM,1,2,1,0,AWAY_TEAM,Simone Sozza
503257,2024,22,2025-01-26,FINISHED,US Lecce,Lecce,USL,FC Internazionale Milano,Inter,INT,0,4,0,2,AWAY_TEAM,Livio Marinelli
503256,2024,22,2025-01-26,FINISHED,SS Lazio,Lazio,LAZ,ACF Fiorentina,Fiorentina,FIO,1,2,0,2,AWAY_TEAM,Antonio Rapuano
503262,2024,22,2025-01-27,FINISHED,Venezia FC,Venezia FC,VEN,Hellas Verona FC,Verona,HVE,1,1,1,0,DRAW,Gianluca Manganiello
503255,2024,22,2025-01-27,FINISHED,Genoa CFC,Genoa,GEN,AC Monza,Monza,MON,2,0,0,0,HOME_TEAM,Daniele Doveri
503270,2024,23,2025-01-31,FINISHED,Parma Calcio 1913,Parma,PAR,US Lecce,Lecce,USL,1,3,1,1,AWAY_TEAM,Simone Sozza
503269,2024,23,2025-02-01,FINISHED,AC Monza,Monza,MON,Hellas Verona FC,Verona,HVE,0,1,0,1,AWAY_TEAM,Davide Massa
503272,2024,23,2025-02-01,FINISHED,Udinese Calcio,Udinese,UDI,Venezia FC,Venezia FC,VEN,3,2,0,0,HOME_TEAM,Maurizio Mariani
503263,2024,23,2025-02-01,FINISHED,Atalanta BC,Atalanta,ATA,Torino FC,Torino,TOR,1,1,1,1,DRAW,Marco Piccinini
503264,2024,23,2025-02-01,FINISHED,Bologna FC 1909,Bologna,BOL,Como 1907,Como 1907,COM,2,0,1,0,HOME_TEAM,Luca Massimi
503267,2024,23,2025-02-02,FINISHED,Juventus FC,Juventus,JUV,Empoli FC,Empoli,EMP,4,1,0,1,HOME_TEAM,Luca Zufferli
503266,2024,23,2025-02-02,FINISHED,ACF Fiorentina,Fiorentina,FIO,Genoa CFC,Genoa,GEN,2,1,2,0,HOME_TEAM,Giuseppe Collu
503268,2024,23,2025-02-02,FINISHED,AC Milan,Milan,MIL,FC Internazionale Milano,Inter,INT,1,1,1,0,DRAW,Daniele Chiffi
503271,2024,23,2025-02-02,FINISHED,AS Roma,Roma,ROM,SSC Napoli,Napoli,NAP,1,1,0,1,DRAW,Michael Fabbri
503265,2024,23,2025-02-03,FINISHED,Cagliari Calcio,Cagliari,CAG,SS Lazio,Lazio,LAZ,1,2,0,1,AWAY_TEAM,Gianluca Manganiello
503176,2024,14,2025-02-06,FINISHED,ACF Fiorentina,Fiorentina,FIO,FC Internazionale Milano,Inter,INT,3,0,3,0,HOME_TEAM,Daniele Doveri
503274,2024,24,2025-02-07,FINISHED,Como 1907,Como 1907,COM,Juventus FC,Juventus,JUV,1,2,1,1,AWAY_TEAM,Rosario Abisso
503276,2024,24,2025-02-08,FINISHED,Hellas Verona FC,Verona,HVE,Atalanta BC,Atalanta,ATA,0,5,0,4,AWAY_TEAM,Simone Sozza
503275,2024,24,2025-02-08,FINISHED,Empoli FC,Empoli,EMP,AC Milan,Milan,MIL,0,2,0,0,AWAY_TEAM,Luca Pairetto
503281,2024,24,2025-02-08,FINISHED,Torino FC,Torino,TOR,Genoa CFC,Genoa,GEN,1,1,1,0,DRAW,Ermanno Feliciani
503282,2024,24,2025-02-09,FINISHED,Venezia FC,Venezia FC,VEN,AS Roma,Roma,ROM,0,1,0,0,AWAY_TEAM,Luca Zufferli
503273,2024,24,2025-02-09,FINISHED,Cagliari Calcio,Cagliari,CAG,Parma Calcio 1913,Parma,PAR,2,1,0,0,HOME_TEAM,Marco Di Bello
503278,2024,24,2025-02-09,FINISHED,SS Lazio,Lazio,LAZ,AC Monza,Monza,MON,5,1,1,0,HOME_TEAM,Gianluca Aureliano
503279,2024,24,2025-02-09,FINISHED,US Lecce,Lecce,USL,Bologna FC 1909,Bologna,BOL,0,0,0,0,DRAW,Francesco Fourneau
503280,2024,24,2025-02-09,FINISHED,SSC Napoli,Napoli,NAP,Udinese Calcio,Udinese,UDI,1,1,1,1,DRAW,Livio Marinelli
503277,2024,24,2025-02-10,FINISHED,FC Internazionale Milano,Inter,INT,ACF Fiorentina,Fiorentina,FIO,2,1,1,1,HOME_TEAM,Federico La Penna
503284,2024,25,2025-02-14,FINISHED,Bologna FC 1909,Bologna,BOL,Torino FC,Torino,TOR,3,2,1,1,HOME_TEAM,Michael Fabbri
503283,2024,25,2025-02-15,FINISHED,Atalanta BC,Atalanta,ATA,Cagliari Calcio,Cagliari,CAG,0,0,0,0,DRAW,Matteo Marchetti
503288,2024,25,2025-02-15,FINISHED,SS Lazio,Lazio,LAZ,SSC Napoli,Napoli,NAP,2,2,1,1,DRAW,Davide Massa
503289,2024,25,2025-02-15,FINISHED,AC Milan,Milan,MIL,Hellas Verona FC,Verona,HVE,1,0,0,0,HOME_TEAM,Francesco Fourneau
503285,2024,25,2025-02-16,FINISHED,ACF Fiorentina,Fiorentina,FIO,Como 1907,Como 1907,COM,0,2,0,1,AWAY_TEAM,Marco Piccinini
503290,2024,25,2025-02-16,FINISHED,AC Monza,Monza,MON,US Lecce,Lecce,USL,0,0,0,0,DRAW,Giuseppe Collu
503292,2024,25,2025-02-16,FINISHED,Udinese Calcio,Udinese,UDI,Empoli FC,Empoli,EMP,3,0,1,0,HOME_TEAM,Daniele Doveri
503291,2024,25,2025-02-16,FINISHED,Parma Calcio 1913,Parma,PAR,AS Roma,Roma,ROM,0,1,0,1,AWAY_TEAM,Daniele Chiffi
503287,2024,25,2025-02-16,FINISHED,Juventus FC,Juventus,JUV,FC Internazionale Milano,Inter,INT,1,0,0,0,HOME_TEAM,Maurizio Mariani
503286,2024,25,2025-02-17,FINISHED,Genoa CFC,Genoa,GEN,Venezia FC,Venezia FC,VEN,2,0,0,0,HOME_TEAM,Livio Marinelli
503298,2024,26,2025-02-21,FINISHED,US Lecce,Lecce,USL,Udinese Calcio,Udinese,UDI,0,1,0,1,AWAY_TEAM,Kevin Bonacina
503299,2024,26,2025-02-22,FINISHED,Parma Calcio 1913,Parma,PAR,Bologna FC 1909,Bologna,BOL,2,0,1,0,HOME_TEAM,Rosario Abisso
503302,2024,26,2025-02-22,FINISHED,Venezia FC,Venezia FC,VEN,SS Lazio,Lazio,LAZ,0,0,0,0,DRAW,Matteo Marchetti
503301,2024,26,2025-02-22,FINISHED,Torino FC,Torino,TOR,AC Milan,Milan,MIL,2,1,1,0,HOME_TEAM,Simone Sozza
503297,2024,26,2025-02-22,FINISHED,FC Internazionale Milano,Inter,INT,Genoa CFC,Genoa,GEN,1,0,0,0,HOME_TEAM,Marco Piccinini
503294,2024,26,2025-02-23,FINISHED,Como 1907,Como 1907,COM,SSC Napoli,Napoli,NAP,2,1,1,1,HOME_TEAM,Gianluca Manganiello
503296,2024,26,2025-02-23,FINISHED,Hellas Verona FC,Verona,HVE,ACF Fiorentina,Fiorentina,FIO,1,0,0,0,HOME_TEAM,Marco Di Bello
503295,2024,26,2025-02-23,FINISHED,Empoli FC,Empoli,EMP,Atalanta BC,Atalanta,ATA,0,5,0,3,AWAY_TEAM,Maurizio Mariani
503293,2024,26,2025-02-23,FINISHED,Cagliari Calcio,Cagliari,CAG,Juventus FC,Juventus,JUV,0,1,0,1,AWAY_TEAM,Andrea Colombo
503300,2024,26,2025-02-24,FINISHED,AS Roma,Roma,ROM,AC Monza,Monza,MON,4,0,2,0,HOME_TEAM,Fabio Maresca
503124,2024,9,2025-02-27,FINISHED,Bologna FC 1909,Bologna,BOL,AC Milan,Milan,MIL,2,1,0,1,HOME_TEAM,Maurizio Mariani
503305,2024,27,2025-02-28,FINISHED,ACF Fiorentina,Fiorentina,FIO,US Lecce,Lecce,USL,1,0,1,0,HOME_TEAM,Livio Marinelli
503303,2024,27,2025-03-01,FINISHED,Atalanta BC,Atalanta,ATA,Venezia FC,Venezia FC,VEN,0,0,0,0,DRAW,Giuseppe Collu
503310,2024,27,2025-03-01,FINISHED,SSC Napoli,Napoli,NAP,FC Internazionale Milano,Inter,INT,1,1,0,1,DRAW,Daniele Doveri
503312,2024,27,2025-03-01,FINISHED,Udinese Calcio,Udinese,UDI,Parma Calcio 1913,Parma,PAR,1,0,1,0,HOME_TEAM,Fabio Maresca
503309,2024,27,2025-03-02,FINISHED,AC Monza,Monza,MON,Torino FC,Torino,TOR,0,2,0,1,AWAY_TEAM,Antonio Rapuano
503304,2024,27,2025-03-02,FINISHED,Bologna FC 1909,Bologna,BOL,Cagliari Calcio,Cagliari,CAG,2,1,0,1,HOME_TEAM,Luca Zufferli
503306,2024,27,2025-03-02,FINISHED,Genoa CFC,Genoa,GEN,Empoli FC,Empoli,EMP,1,1,0,1,DRAW,Davide Massa
503311,2024,27,2025-03-02,FINISHED,AS Roma,Roma,ROM,Como 1907,Como 1907,COM,2,1,0,1,HOME_TEAM,Luca Pairetto
503308,2024,27,2025-03-02,FINISHED,AC Milan,Milan,MIL,SS Lazio,Lazio,LAZ,1,2,0,1,AWAY_TEAM,Gianluca Manganiello
503307,2024,27,2025-03-03,FINISHED,Juventus FC,Juventus,JUV,Hellas Verona FC,Verona,HVE,2,0,0,0,HOME_TEAM,Matteo Marchetti
503313,2024,28,2025-03-07,FINISHED,Cagliari Calcio,Cagliari,CAG,Genoa CFC,Genoa,GEN,1,1,1,0,DRAW,Michael Fabbri
503314,2024,28,2025-03-08,FINISHED,Como 1907,Como 1907,COM,Venezia FC,Venezia FC,VEN,1,1,0,0,DRAW,Giovanni Ayroldi
503322,2024,28,2025-03-08,FINISHED,Parma Calcio 1913,Parma,PAR,Torino FC,Torino,TOR,2,2,0,1,DRAW,Francesco Fourneau
503320,2024,28,2025-03-08,FINISHED,US Lecce,Lecce,USL,AC Milan,Milan,MIL,2,3,1,0,AWAY_TEAM,Daniele Doveri
503317,2024,28,2025-03-08,FINISHED,FC Internazionale Milano,Inter,INT,AC Monza,Monza,MON,3,2,1,2,HOME_TEAM,Luca Zufferli
503316,2024,28,2025-03-09,FINISHED,Hellas Verona FC,Verona,HVE,Bologna FC 1909,Bologna,BOL,1,2,0,1,AWAY_TEAM,Antonio Rapuano
503321,2024,28,2025-03-09,FINISHED,SSC Napoli,Napoli,NAP,ACF Fiorentina,Fiorentina,FIO,2,1,1,0,HOME_TEAM,Andrea Colombo
503315,2024,28,2025-03-09,FINISHED,Empoli FC,Empoli,EMP,AS Roma,Roma,ROM,0,1,0,1,AWAY_TEAM,Marco Di Bello
503318,2024,28,2025-03-09,FINISHED,Juventus FC,Juventus,JUV,Atalanta BC,Atalanta,ATA,0,4,0,1,AWAY_TEAM,Simone Sozza
503319,2024,28,2025-03-10,FINISHED,SS Lazio,Lazio,LAZ,Udinese Calcio,Udinese,UDI,1,1,1,1,DRAW,Marco Piccinini
503326,2024,29,2025-03-14,FINISHED,Genoa CFC,Genoa,GEN,US Lecce,Lecce,USL,2,1,2,0,HOME_TEAM,Fabio Maresca
503328,2024,29,2025-03-15,FINISHED,AC Monza,Monza,MON,Parma Calcio 1913,Parma,PAR,1,1,0,0,DRAW,Gianluca Manganiello
503331,2024,29,2025-03-15,FINISHED,Udinese Calcio,Udinese,UDI,Hellas Verona FC,Verona,HVE,0,1,0,0,AWAY_TEAM,Giovanni Ayroldi
503327,2024,29,2025-03-15,FINISHED,AC Milan,Milan,MIL,Como 1907,Como 1907,COM,2,1,0,1,HOME_TEAM,Matteo Marchetti
503330,2024,29,2025-03-15,FINISHED,Torino FC,Torino,TOR,Empoli FC,Empoli,EMP,1,0,0,0,HOME_TEAM,Daniele Chiffi
503332,2024,29,2025-03-16,FINISHED,Venezia FC,Venezia FC,VEN,SSC Napoli,Napoli,NAP,0,0,0,0,DRAW,Maurizio Mariani
503324,2024,29,2025-03-16,FINISHED,Bologna FC 1909,Bologna,BOL,SS Lazio,Lazio,LAZ,5,0,1,0,HOME_TEAM,Andrea Colombo
503329,2024,29,2025-03-16,FINISHED,AS Roma,Roma,ROM,Cagliari Calcio,Cagliari,CAG,1,0,0,0,HOME_TEAM,Marco Piccinini
503325,2024,29,2025-03-16,FINISHED,ACF Fiorentina,Fiorentina,FIO,Juventus FC,Juventus,JUV,3,0,2,0,HOME_TEAM,Michael Fabbri
503323,2024,29,2025-03-16,FINISHED,Atalanta BC,Atalanta,ATA,FC Internazionale Milano,Inter,INT,0,2,0,0,AWAY_TEAM,Davide Massa
503334,2024,30,2025-03-29,FINISHED,Como 1907,Como 1907,COM,Empoli FC,Empoli,EMP,1,1,0,0,DRAW,Maurizio Mariani
503342,2024,30,2025-03-29,FINISHED,Venezia FC,Venezia FC,VEN,Bologna FC 1909,Bologna,BOL,0,1,0,0,AWAY_TEAM,Marco Di Bello
503338,2024,30,2025-03-29,FINISHED,Juventus FC,Juventus,JUV,Genoa CFC,Genoa,GEN,1,0,1,0,HOME_TEAM,Antonio Rapuano
503340,2024,30,2025-03-29,FINISHED,US Lecce,Lecce,USL,AS Roma,Roma,ROM,0,1,0,0,AWAY_TEAM,Gianluca Manganiello
503333,2024,30,2025-03-30,FINISHED,Cagliari Calcio,Cagliari,CAG,AC Monza,Monza,MON,3,0,0,0,HOME_TEAM,Francesco Fourneau
503335,2024,30,2025-03-30,FINISHED,ACF Fiorentina,Fiorentina,FIO,Atalanta BC,Atalanta,ATA,1,0,1,0,HOME_TEAM,Daniele Doveri
503337,2024,30,2025-03-30,FINISHED,FC Internazionale Milano,Inter,INT,Udinese Calcio,Udinese,UDI,2,1,2,0,HOME_TEAM,Daniele Chiffi
503341,2024,30,2025-03-30,FINISHED,SSC Napoli,Napoli,NAP,AC Milan,Milan,MIL,2,1,2,0,HOME_TEAM,Simone Sozza
503336,2024,30,2025-03-31,FINISHED,Hellas Verona FC,Verona,HVE,Parma Calcio 1913,Parma,PAR,0,0,0,0,DRAW,Juan Luca Sacchi
503339,2024,30,2025-03-31,FINISHED,SS Lazio,Lazio,LAZ,Torino FC,Torino,TOR,1,1,0,0,DRAW,Davide Massa
503346,2024,31,2025-04-04,FINISHED,Genoa CFC,Genoa,GEN,Udinese Calcio,Udinese,UDI,1,0,0,0,HOME_TEAM,
503349,2024,31,2025-04-05,FINISHED,AC Monza,Monza,MON,Como 1907,Como 1907,COM,1,3,1,2,AWAY_TEAM,Giuseppe Collu
503350,2024,31,2025-04-05,FINISHED,Parma Calcio 1913,Parma,PAR,FC Internazionale Milano,Inter,INT,2,2,0,2,DRAW,Daniele Doveri
503348,2024,31,2025-04-05,FINISHED,AC Milan,Milan,MIL,ACF Fiorentina,Fiorentina,FIO,2,2,1,2,DRAW,Giovanni Ayroldi
503347,2024,31,2025-04-06,FINISHED,US Lecce,Lecce,USL,Venezia FC,Venezia FC,VEN,1,1,0,0,DRAW,Marco Piccinini
503345,2024,31,2025-04-06,FINISHED,Empoli FC,Empoli,EMP,Cagliari Calcio,Cagliari,CAG,0,0,0,0,DRAW,Federico La Penna
503352,2024,31,2025-04-06,FINISHED,Torino FC,Torino,TOR,Hellas Verona FC,Verona,HVE,1,1,0,0,DRAW,Kevin Bonacina
503343,2024,31,2025-04-06,FINISHED,Atalanta BC,Atalanta,ATA,SS Lazio,Lazio,LAZ,0,1,0,0,AWAY_TEAM,Daniele Chiffi
503351,2024,31,2025-04-06,FINISHED,AS Roma,Roma,ROM,Juventus FC,Juventus,JUV,1,1,0,1,DRAW,Andrea Colombo
503344,2024,31,2025-04-07,FINISHED,Bologna FC 1909,Bologna,BOL,SSC Napoli,Napoli,NAP,1,1,0,1,DRAW,Davide Massa
503361,2024,32,2025-04-11,FINISHED,Udinese Calcio,Udinese,UDI,AC Milan,Milan,MIL,0,4,0,2,AWAY_TEAM,Juan Luca Sacchi
503362,2024,32,2025-04-12,FINISHED,Venezia FC,Venezia FC,VEN,AC Monza,Monza,MON,1,0,0,0,HOME_TEAM,Fabio Maresca
503357,2024,32,2025-04-12,FINISHED,FC Internazionale Milano,Inter,INT,Cagliari Calcio,Cagliari,CAG,3,1,2,0,HOME_TEAM,Marco Di Bello
503358,2024,32,2025-04-12,FINISHED,Juventus FC,Juventus,JUV,US Lecce,Lecce,USL,2,1,2,0,HOME_TEAM,Luca Zufferli
503353,2024,32,2025-04-13,FINISHED,Atalanta BC,Atalanta,ATA,Bologna FC 1909,Bologna,BOL,2,0,2,0,HOME_TEAM,Maurizio Mariani
503355,2024,32,2025-04-13,FINISHED,ACF Fiorentina,Fiorentina,FIO,Parma Calcio 1913,Parma,PAR,0,0,0,0,DRAW,Gianluca Manganiello
503356,2024,32,2025-04-13,FINISHED,Hellas Verona FC,Verona,HVE,Genoa CFC,Genoa,GEN,0,0,0,0,DRAW,Matteo Marchetti
503354,2024,32,2025-04-13,FINISHED,Como 1907,Como 1907,COM,Torino FC,Torino,TOR,1,0,1,0,HOME_TEAM,Matteo Marcenaro
503359,2024,32,2025-04-13,FINISHED,SS Lazio,Lazio,LAZ,AS Roma,Roma,ROM,1,1,0,0,DRAW,Simone Sozza
503360,2024,32,2025-04-14,FINISHED,SSC Napoli,Napoli,NAP,Empoli FC,Empoli,EMP,3,0,1,0,HOME_TEAM,Michael Fabbri
503367,2024,33,2025-04-19,FINISHED,US Lecce,Lecce,USL,Como 1907,Como 1907,COM,0,3,0,1,AWAY_TEAM,Simone Sozza
503369,2024,33,2025-04-19,FINISHED,AC Monza,Monza,MON,SSC Napoli,Napoli,NAP,0,1,0,0,AWAY_TEAM,Federico La Penna
503371,2024,33,2025-04-19,FINISHED,AS Roma,Roma,ROM,Hellas Verona FC,Verona,HVE,1,0,1,0,HOME_TEAM,Luca Pairetto
503365,2024,33,2025-04-20,FINISHED,Empoli FC,Empoli,EMP,Venezia FC,Venezia FC,VEN,2,2,0,0,DRAW,Davide Massa
503363,2024,33,2025-04-20,FINISHED,Bologna FC 1909,Bologna,BOL,FC Internazionale Milano,Inter,INT,1,0,0,0,HOME_TEAM,Andrea Colombo
503368,2024,33,2025-04-20,FINISHED,AC Milan,Milan,MIL,Atalanta BC,Atalanta,ATA,0,1,0,0,AWAY_TEAM,Marco Piccinini
503364,2024,33,2025-04-23,FINISHED,Cagliari Calcio,Cagliari,CAG,ACF Fiorentina,Fiorentina,FIO,1,2,1,1,AWAY_TEAM,Livio Marinelli
503366,2024,33,2025-04-23,FINISHED,Genoa CFC,Genoa,GEN,SS Lazio,Lazio,LAZ,0,2,0,1,AWAY_TEAM,Giovanni Ayroldi
503370,2024,33,2025-04-23,FINISHED,Parma Calcio 1913,Parma,PAR,Juventus FC,Juventus,JUV,1,0,1,0,HOME_TEAM,Daniele Chiffi
503372,2024,33,2025-04-23,FINISHED,Torino FC,Torino,TOR,Udinese Calcio,Udinese,UDI,2,0,1,0,HOME_TEAM,Giuseppe Collu
503374,2024,34,2025-04-27,FINISHED,Como 1907,Como 1907,COM,Genoa CFC,Genoa,GEN,1,0,0,0,HOME_TEAM,Alberto Arena
503382,2024,34,2025-04-27,FINISHED,Venezia FC,Venezia FC,VEN,AC Milan,Milan,MIL,0,2,0,1,AWAY_TEAM,Gianluca Manganiello
503375,2024,34,2025-04-27,FINISHED,ACF Fiorentina,Fiorentina,FIO,Empoli FC,Empoli,EMP,2,1,2,0,HOME_TEAM,Antonio Rapuano
503377,2024,34,2025-04-27,FINISHED,FC Internazionale Milano,Inter,INT,AS Roma,Roma,ROM,0,1,0,1,AWAY_TEAM,Michael Fabbri
503378,2024,34,2025-04-27,FINISHED,Juventus FC,Juventus,JUV,AC Monza,Monza,MON,2,0,2,0,HOME_TEAM,Daniele Perenzoni
503373,2024,34,2025-04-27,FINISHED,Atalanta BC,Atalanta,ATA,US Lecce,Lecce,USL,1,1,0,1,DRAW,Federico La Penna
503380,2024,34,2025-04-27,FINISHED,SSC Napoli,Napoli,NAP,Torino FC,Torino,TOR,2,0,2,0,HOME_TEAM,Maurizio Mariani
503381,2024,34,2025-04-28,FINISHED,Udinese Calcio,Udinese,UDI,Bologna FC 1909,Bologna,BOL,0,0,0,0,DRAW,Fabio Maresca
503376,2024,34,2025-04-28,FINISHED,Hellas Verona FC,Verona,HVE,Cagliari Calcio,Cagliari,CAG,0,2,0,1,AWAY_TEAM,Rosario Abisso
503379,2024,34,2025-04-28,FINISHED,SS Lazio,Lazio,LAZ,Parma Calcio 1913,Parma,PAR,2,2,0,1,DRAW,Juan Luca Sacchi
503392,2024,35,2025-05-02,FINISHED,Torino FC,Torino,TOR,Venezia FC,Venezia FC,VEN,1,1,0,1,DRAW,Simone Sozza
503384,2024,35,2025-05-03,FINISHED,Cagliari Calcio,Cagliari,CAG,Udinese Calcio,Udinese,UDI,1,2,1,1,AWAY_TEAM,Ermanno Feliciani
503390,2024,35,2025-05-03,FINISHED,Parma Calcio 1913,Parma,PAR,Como 1907,Como 1907,COM,0,1,0,0,AWAY_TEAM,Marco Di Bello
503388,2024,35,2025-05-03,FINISHED,US Lecce,Lecce,USL,SSC Napoli,Napoli,NAP,0,1,0,1,AWAY_TEAM,Davide Massa
503387,2024,35,2025-05-03,FINISHED,FC Internazionale Milano,Inter,INT,Hellas Verona FC,Verona,HVE,1,0,1,0,HOME_TEAM,Gianluca Manganiello
503385,2024,35,2025-05-04,FINISHED,Empoli FC,Empoli,EMP,SS Lazio,Lazio,LAZ,0,1,0,1,AWAY_TEAM,Andrea Colombo
503389,2024,35,2025-05-04,FINISHED,AC Monza,Monza,MON,Atalanta BC,Atalanta,ATA,0,4,0,2,AWAY_TEAM,Luca Pairetto
503391,2024,35,2025-05-04,FINISHED,AS Roma,Roma,ROM,ACF Fiorentina,Fiorentina,FIO,1,0,1,0,HOME_TEAM,Daniele Chiffi
503383,2024,35,2025-05-04,FINISHED,Bologna FC 1909,Bologna,BOL,Juventus FC,Juventus,JUV,1,1,0,1,DRAW,Daniele Doveri
503386,2024,35,2025-05-05,FINISHED,Genoa CFC,Genoa,GEN,AC Milan,Milan,MIL,1,2,0,0,AWAY_TEAM,Giuseppe Collu
503398,2024,36,2025-05-09,FINISHED,AC Milan,Milan,MIL,Bologna FC 1909,Bologna,BOL,3,1,0,0,HOME_TEAM,Livio Marinelli
503394,2024,36,2025-05-10,FINISHED,Como 1907,Como 1907,COM,Cagliari Calcio,Cagliari,CAG,3,1,2,1,HOME_TEAM,Francesco Fourneau
503397,2024,36,2025-05-10,FINISHED,SS Lazio,Lazio,LAZ,Juventus FC,Juventus,JUV,1,1,0,0,DRAW,Davide Massa
503395,2024,36,2025-05-10,FINISHED,Empoli FC,Empoli,EMP,Parma Calcio 1913,Parma,PAR,2,1,1,0,HOME_TEAM,Michael Fabbri
503401,2024,36,2025-05-11,FINISHED,Udinese Calcio,Udinese,UDI,AC Monza,Monza,MON,1,2,0,0,AWAY_TEAM,Valerio Crezzini
503396,2024,36,2025-05-11,FINISHED,Hellas Verona FC,Verona,HVE,US Lecce,Lecce,USL,1,1,1,1,DRAW,Fabio Maresca
503400,2024,36,2025-05-11,FINISHED,Torino FC,Torino,TOR,FC Internazionale Milano,Inter,INT,0,2,0,1,AWAY_TEAM,Federico La Penna
503399,2024,36,2025-05-11,FINISHED,SSC Napoli,Napoli,NAP,Genoa CFC,Genoa,GEN,2,2,1,1,DRAW,Marco Piccinini
503402,2024,36,2025-05-12,FINISHED,Venezia FC,Venezia FC,VEN,ACF Fiorentina,Fiorentina,FIO,2,1,0,0,HOME_TEAM,Matteo Marchetti
503393,2024,36,2025-05-12,FINISHED,Atalanta BC,Atalanta,ATA,AS Roma,Roma,ROM,2,1,1,1,HOME_TEAM,Simone Sozza
503405,2024,37,2025-05-17,FINISHED,Genoa CFC,Genoa,GEN,Atalanta BC,Atalanta,ATA,2,3,1,0,AWAY_TEAM,Davide Ghersini
503403,2024,37,2025-05-18,FINISHED,Cagliari Calcio,Cagliari,CAG,Venezia FC,Venezia FC,VEN,3,0,2,0,HOME_TEAM,Luca Pairetto
503404,2024,37,2025-05-18,FINISHED,ACF Fiorentina,Fiorentina,FIO,Bologna FC 1909,Bologna,BOL,3,2,1,0,HOME_TEAM,Luca Zufferli
503406,2024,37,2025-05-18,FINISHED,Hellas Verona FC,Verona,HVE,Como 1907,Como 1907,COM,1,1,0,1,DRAW,Rosario Abisso
503407,2024,37,2025-05-18,FINISHED,FC Internazionale Milano,Inter,INT,SS Lazio,Lazio,LAZ,2,2,1,0,DRAW,Daniele Chiffi
503408,2024,37,2025-05-18,FINISHED,Juventus FC,Juventus,JUV,Udinese Calcio,Udinese,UDI,2,0,0,0,HOME_TEAM,Giovanni Ayroldi
503409,2024,37,2025-05-18,FINISHED,US Lecce,Lecce,USL,Torino FC,Torino,TOR,1,0,0,0,HOME_TEAM,Antonio Rapuano
503410,2024,37,2025-05-18,FINISHED,AC Monza,Monza,MON,Empoli FC,Empoli,EMP,1,3,1,0,AWAY_TEAM,Livio Marinelli
503411,2024,37,2025-05-18,FINISHED,Parma Calcio 1913,Parma,PAR,SSC Napoli,Napoli,NAP,0,0,0,0,DRAW,Daniele Doveri
503412,2024,37,2025-05-18,FINISHED,AS Roma,Roma,ROM,AC Milan,Milan,MIL,3,1,1,1,HOME_TEAM,Marco Piccinini
503415,2024,38,2025-05-23,FINISHED,Como 1907,Como 1907,COM,FC Internazionale Milano,Inter,INT,0,2,0,1,AWAY_TEAM,Davide Massa
503419,2024,38,2025-05-23,FINISHED,SSC Napoli,Napoli,NAP,Cagliari Calcio,Cagliari,CAG,2,0,1,0,HOME_TEAM,Federico La Penna
503414,2024,38,2025-05-24,FINISHED,Bologna FC 1909,Bologna,BOL,Genoa CFC,Genoa,GEN,1,3,0,3,AWAY_TEAM,Marco Monaldi
503418,2024,38,2025-05-24,FINISHED,AC Milan,Milan,MIL,AC Monza,Monza,MON,2,0,0,0,HOME_TEAM,Daniele Rutella
503413,2024,38,2025-05-25,FINISHED,Atalanta BC,Atalanta,ATA,Parma Calcio 1913,Parma,PAR,2,3,2,0,AWAY_TEAM,Livio Marinelli
503416,2024,38,2025-05-25,FINISHED,Empoli FC,Empoli,EMP,Hellas Verona FC,Verona,HVE,1,2,1,1,AWAY_TEAM,Daniele Doveri
503417,2024,38,2025-05-25,FINISHED,SS Lazio,Lazio,LAZ,US Lecce,Lecce,USL,0,1,0,1,AWAY_TEAM,Michael Fabbri
503420,2024,38,2025-05-25,FINISHED,Torino FC,Torino,TOR,AS Roma,Roma,ROM,0,2,0,1,AWAY_TEAM,Marco Di Bello
503421,2024,38,2025-05-25,FINISHED,Udinese Calcio,Udinese,UDI,ACF Fiorentina,Fiorentina,FIO,2,3,1,0,AWAY_TEAM,Matteo Marcenaro
503422,2024,38,2025-05-25,FINISHED,Venezia FC,Venezia FC,VEN,Juventus FC,Juventus,JUV,2,3,1,2,AWAY_TEAM,Andrea Colombo
