match_id,date,season,round,status,home_team,home_team_short,home_team_slug,away_team,away_team_short,away_team_slug,home_goals,away_goals,duration,result,home_penalties,away_penalties,has_xg,home_ballPossession,away_ballPossession,home_expectedGoals,away_expectedGoals,home_bigChanceCreated,away_bigChanceCreated,home_bigChanceMissed,away_bigChanceMissed,home_totalShotsOnGoal,away_totalShotsOnGoal,home_shotsOnTarget,away_shotsOnTarget,home_shotsOffTarget,away_shotsOffTarget,home_blockedShots,away_blockedShots,home_goalkeeperSaves,away_goalkeeperSaves,home_cornerKicks,away_cornerKicks,home_freeKicks,away_freeKicks,home_yellowCards,away_yellowCards,home_redCards,away_redCards,home_totalPasses,away_totalPasses,home_accuratePasses,away_accuratePasses,home_accuratePassesPercentage,away_accuratePassesPercentage,home_totalLongBalls,away_totalLongBalls,home_accurateLongBalls,away_accurateLongBalls,home_totalCross,away_totalCross,home_accurateCross,away_accurateCross,home_dribbles,away_dribbles,home_successfulDribbles,away_successfulDribbles,home_tackles,away_tackles,home_totalDuels,away_totalDuels,home_totalDuelsWon,away_totalDuelsWon,home_fouls,away_fouls,home_offsides,away_offsides,home_throwIns,away_throwIns,home_goalKicks,away_goalKicks
14056037,2025-08-22,25/26,1,finished,FC Bayern München,Bayern,fc-bayern-munchen,RB Leipzig,Leipzig,rb-leipzig,6,0,REGULAR,HOME_TEAM,,,True,63,37,1.72,0.54,6,0,2,0,19,12,,,,,,,1,3,5,5,13,13,4,1,,,,,599,319,,,,,35,18,,,2,1,,,,,,,,,,,13,13,2,0,14,9,5,7
14057744,2025-08-23,25/26,1,finished,Eintracht Frankfurt,Frankfurt,eintracht-frankfurt,SV Werder Bremen,Bremen,sv-werder-bremen,4,1,REGULAR,HOME_TEAM,,,True,53,47,2.74,0.53,4,1,2,1,18,10,,,,,,,4,1,7,1,9,9,1,3,,,,,399,350,,,,,37,27,,,8,3,,,,,,,,,,,9,9,2,3,18,21,7,13
14057801,2025-09-13,25/26,3,finished,FC Bayern München,Bayern,fc-bayern-munchen,Hamburger SV,HSV,hamburger-sv,5,0,REGULAR,HOME_TEAM,,,True,71,29,2.54,0.58,4,0,1,0,22,9,,,,,,,2,7,5,3,13,11,2,2,,,,,712,266,,,,,17,21,,,4,2,,,,,,,,,,,11,14,1,2,16,17,7,6
14062006,2025-08-23,25/26,1,finished,1. FC Union Berlin,Union Berlin,1-fc-union-berlin,VfB Stuttgart,Stuttgart,vfb-stuttgart,2,1,REGULAR,HOME_TEAM,,,True,25,75,0.34,1.73,0,4,0,4,8,21,,,,,,,5,0,5,11,13,21,4,4,,,,,125,547,,,,,31,16,,,5,10,,,,,,,,,,,21,13,2,1,12,17,9,5
14062007,2025-08-24,25/26,1,finished,Borussia M'gladbach,M'gladbach,borussia-mgladbach,Hamburger SV,HSV,hamburger-sv,0,0,REGULAR,DRAW,,,True,61,39,1.1,0.41,2,0,2,0,17,7,,,,,,,1,4,7,6,10,10,2,1,,,,,484,282,,,,,7,19,,,6,2,,,,,,,,,,,10,10,1,4,24,20,6,10
14062008,2025-08-23,25/26,1,finished,FC St. Pauli,St. Pauli,fc-st-pauli,Borussia Dortmund,Dortmund,borussia-dortmund,3,3,REGULAR,DRAW,,,True,51,49,1.29,1.56,2,4,1,2,11,8,,,,,,,4,4,5,2,11,12,2,3,0,1,,,397,413,,,,,25,20,,,6,5,,,,,,,,,,,13,12,4,3,23,17,4,5
14062009,2025-08-23,25/26,1,finished,Bayer 04 Leverkusen,Leverkusen,bayer-04-leverkusen,TSG Hoffenheim,Hoffenheim,tsg-hoffenheim,1,2,REGULAR,AWAY_TEAM,,,True,60,40,0.71,0.45,1,0,,,7,10,,,,,,,3,2,6,4,17,9,0,4,,,,,489,313,,,,,21,35,,,3,6,,,,,,,,,,,9,17,1,1,22,18,5,6
14062010,2025-08-24,25/26,1,finished,1. FSV Mainz 05,Mainz 05,1-fsv-mainz-05,1. FC Köln,Köln,1-fc-koln,0,1,REGULAR,AWAY_TEAM,,,True,51,49,1.52,1.36,1,3,1,2,19,12,,,,,,,1,2,8,3,9,7,0,2,1,0,,,302,323,,,,,37,27,,,13,4,,,,,,,,,,,7,9,5,0,29,22,9,13
14062011,2025-08-23,25/26,1,finished,1. FC Heidenheim,Heidenheim,1-fc-heidenheim,VfL Wolfsburg,Wolfsburg,vfl-wolfsburg,1,3,REGULAR,AWAY_TEAM,,,True,49,51,0.72,2.45,1,4,1,2,7,15,,,,,,,2,1,2,5,12,11,2,3,,,,,324,329,,,,,15,26,,,3,4,,,,,,,,,,,12,12,2,0,18,20,11,7
14062012,2025-08-23,25/26,1,finished,SC Freiburg,Freiburg,sc-freiburg,FC Augsburg,Augsburg,fc-augsburg,1,3,REGULAR,AWAY_TEAM,,,True,60,40,2.6,1.34,3,1,2,0,16,14,,,,,,,2,3,5,5,17,14,4,5,,,,,373,215,,,,,28,17,,,4,4,,,,,,,,,,,14,18,4,3,27,14,3,10
14062137,2025-12-14,25/26,14,finished,SV Werder Bremen,Bremen,sv-werder-bremen,VfB Stuttgart,Stuttgart,vfb-stuttgart,0,4,REGULAR,AWAY_TEAM,,,True,38,62,0.91,2.17,0,1,0,1,11,24,,,,,,,8,4,1,9,6,11,2,0,1,0,,,291,527,,,,,15,13,,,4,6,,,,,,,,,,,11,6,0,2,19,16,9,4
14062138,2025-12-12,25/26,14,finished,1. FC Union Berlin,Union Berlin,1-fc-union-berlin,RB Leipzig,Leipzig,rb-leipzig,3,1,REGULAR,HOME_TEAM,,,True,37,63,1.42,0.55,3,0,1,0,12,9,,,,,,,2,3,4,6,8,7,2,2,,,,,210,464,,,,,25,22,,,5,5,,,,,,,,,,,7,8,1,0,27,10,8,8
14062139,2025-12-13,25/26,14,finished,TSG Hoffenheim,Hoffenheim,tsg-hoffenheim,Hamburger SV,HSV,hamburger-sv,4,1,REGULAR,HOME_TEAM,,,True,59,41,1.31,1.38,5,2,1,1,10,14,,,,,,,4,2,3,3,10,15,1,3,,,,,487,309,,,,,17,34,,,7,4,,,,,,,,,,,16,10,2,1,29,18,5,5
14062140,2025-12-20,25/26,15,finished,Hamburger SV,HSV,hamburger-sv,Eintracht Frankfurt,Frankfurt,eintracht-frankfurt,1,1,REGULAR,DRAW,,,True,40,60,0.75,1.59,1,2,1,1,9,9,,,,,,,1,1,5,5,12,8,,,,,,,291,474,,,,,21,26,,,5,1,,,,,,,,,,,8,12,3,0,19,24,10,4
14062141,2026-01-09,25/26,16,finished,Eintracht Frankfurt,Frankfurt,eintracht-frankfurt,Borussia Dortmund,Dortmund,borussia-dortmund,3,3,REGULAR,DRAW,,,True,40,60,1.58,2.39,2,4,0,2,12,16,,,,,,,3,3,2,5,5,14,3,3,,,,,284,470,,,,,25,31,,,1,6,,,,,,,,,,,14,6,0,2,18,32,5,4
14062142,2025-12-20,25/26,15,finished,1. FC Köln,Köln,1-fc-koln,1. FC Union Berlin,Union Berlin,1-fc-union-berlin,0,1,REGULAR,AWAY_TEAM,,,True,62,38,0.55,1.26,0,2,0,2,13,11,,,,,,,1,2,3,6,18,9,2,5,1,0,,,452,238,,,,,14,22,,,8,9,,,,,,,,,,,9,18,1,2,17,21,10,9
14062143,2025-12-20,25/26,15,finished,RB Leipzig,Leipzig,rb-leipzig,Bayer 04 Leverkusen,Leverkusen,bayer-04-leverkusen,1,3,REGULAR,AWAY_TEAM,,,True,44,56,1.77,2.72,2,5,2,3,19,15,,,,,,,5,6,2,8,12,10,1,2,,,,,402,550,,,,,24,20,,,3,3,,,,,,,,,,,10,12,1,1,15,12,3,11
14062145,2026-01-11,25/26,16,finished,FC Bayern München,Bayern,fc-bayern-munchen,VfL Wolfsburg,Wolfsburg,vfl-wolfsburg,8,1,REGULAR,HOME_TEAM,,,True,68,32,3.3,1.36,7,2,4,1,16,8,,,,,,,2,4,6,2,6,7,0,1,,,,,656,265,,,,,48,21,,,2,1,,,,,,,,,,,7,6,1,0,20,12,6,9
14062146,2025-12-13,25/26,14,finished,Borussia M'gladbach,M'gladbach,borussia-mgladbach,VfL Wolfsburg,Wolfsburg,vfl-wolfsburg,1,3,REGULAR,AWAY_TEAM,,,True,58,42,0.8,1.72,0,3,0,1,14,11,,,,,,,3,4,6,3,8,6,0,1,,,,,481,343,,,,,23,15,,,6,2,,,,,,,,,,,6,8,4,4,34,13,2,7
14062147,2026-01-10,25/26,16,finished,Bayer 04 Leverkusen,Leverkusen,bayer-04-leverkusen,VfB Stuttgart,Stuttgart,vfb-stuttgart,1,4,REGULAR,AWAY_TEAM,,,True,57,43,1.96,2.6,3,4,2,1,16,10,,,,,,,4,3,5,3,10,12,4,2,,,,,479,334,,,,,33,19,,,2,3,,,,,,,,,,,13,11,2,2,26,19,5,6
14062148,2026-01-10,25/26,16,finished,SC Freiburg,Freiburg,sc-freiburg,Hamburger SV,HSV,hamburger-sv,2,1,REGULAR,HOME_TEAM,,,True,60,40,2.85,0.66,3,1,1,0,20,10,,,,,,,5,5,0,3,10,13,3,5,0,1,,,429,259,,,,,18,23,,,7,3,,,,,,,,,,,13,11,1,0,15,13,6,13
14062149,2026-01-14,25/26,17,finished,RB Leipzig,Leipzig,rb-leipzig,SC Freiburg,Freiburg,sc-freiburg,2,0,REGULAR,HOME_TEAM,,,True,64,36,2.48,0.17,4,0,2,0,21,3,,,,,,,1,5,7,2,16,12,0,4,,,,,487,237,,,,,19,28,,,5,6,,,,,,,,,,,12,16,0,2,22,22,1,7
14062150,2025-12-21,25/26,15,finished,1. FC Heidenheim,Heidenheim,1-fc-heidenheim,FC Bayern München,Bayern,fc-bayern-munchen,0,4,REGULAR,AWAY_TEAM,,,True,26,74,1.04,4.44,4,4,4,1,7,23,,,,,,,6,1,0,6,6,8,,,,,,,200,709,,,,,33,42,,,2,3,,,,,,,,,,,8,6,2,2,19,16,9,8
14062151,2025-12-20,25/26,15,finished,FC Augsburg,Augsburg,fc-augsburg,SV Werder Bremen,Bremen,sv-werder-bremen,0,0,REGULAR,DRAW,,,True,53,47,1.03,0.6,3,1,3,1,14,9,,,,,,,0,6,6,11,20,10,3,4,,,,,360,307,,,,,19,33,,,4,3,,,,,,,,,,,10,20,2,2,28,12,6,6
14062152,2026-01-10,25/26,16,finished,1. FC Union Berlin,Union Berlin,1-fc-union-berlin,1. FSV Mainz 05,Mainz 05,1-fsv-mainz-05,2,2,REGULAR,DRAW,,,True,57,43,3.35,1.01,6,3,4,1,17,9,,,,,,,4,3,2,1,8,9,2,0,,,,,352,246,,,,,26,22,,,8,1,,,,,,,,,,,9,8,0,1,23,25,4,13
14062154,2026-01-13,25/26,17,finished,Borussia Dortmund,Dortmund,borussia-dortmund,SV Werder Bremen,Bremen,sv-werder-bremen,3,0,REGULAR,HOME_TEAM,,,True,46,54,2.42,0.52,3,1,1,1,18,6,,,,,,,3,4,3,3,8,14,2,0,,,,,391,465,,,,,19,25,,,2,1,,,,,,,,,,,14,8,1,0,18,18,5,6
14062155,2025-12-13,25/26,14,finished,FC St. Pauli,St. Pauli,fc-st-pauli,1. FC Heidenheim,Heidenheim,1-fc-heidenheim,2,1,REGULAR,HOME_TEAM,,,True,36,64,0.8,2.44,2,3,2,2,8,20,,,,,,,6,2,4,11,15,6,2,3,1,0,,,249,497,,,,,24,26,,,3,10,,,,,,,,,,,6,15,0,5,14,17,8,5
14062156,2026-01-13,25/26,17,finished,1. FSV Mainz 05,Mainz 05,1-fsv-mainz-05,1. FC Heidenheim,Heidenheim,1-fc-heidenheim,2,1,REGULAR,HOME_TEAM,,,True,42,58,1.39,1.55,5,1,4,0,13,15,,,,,,,3,4,4,1,10,11,2,2,,,,,255,376,,,,,25,26,,,5,1,,,,,,,,,,,11,10,0,2,27,39,8,5
14062157,2026-01-10,25/26,16,finished,1. FC Heidenheim,Heidenheim,1-fc-heidenheim,1. FC Köln,Köln,1-fc-koln,2,2,REGULAR,DRAW,,,True,56,44,1.93,2.99,3,3,2,3,14,21,,,,,,,6,4,5,4,7,9,2,1,,,,,397,299,,,,,37,29,,,5,6,,,,,,,,,,,9,7,1,1,27,19,12,13
14062158,2026-01-11,25/26,16,finished,Borussia M'gladbach,M'gladbach,borussia-mgladbach,FC Augsburg,Augsburg,fc-augsburg,4,0,REGULAR,HOME_TEAM,,,True,52,48,2.99,1.79,6,2,2,2,12,17,,,,,,,2,2,2,2,8,16,0,1,,,,,485,439,,,,,21,15,,,1,1,,,,,,,,,,,16,9,0,2,13,19,12,3
14062159,2025-12-21,25/26,15,finished,1. FSV Mainz 05,Mainz 05,1-fsv-mainz-05,FC St. Pauli,St. Pauli,fc-st-pauli,0,0,REGULAR,DRAW,,,True,53,47,1.12,0.3,5,0,5,0,13,5,,,,,,,1,1,9,5,9,5,1,1,,,,,311,255,,,,,18,21,,,5,1,,,,,,,,,,,5,9,1,0,35,30,2,9
14062160,2025-12-20,25/26,15,finished,VfB Stuttgart,Stuttgart,vfb-stuttgart,TSG Hoffenheim,Hoffenheim,tsg-hoffenheim,0,0,REGULAR,DRAW,,,True,47,53,1.27,0.13,3,0,3,0,10,4,,,,,,,1,3,4,2,17,10,3,2,,,,,263,306,,,,,24,25,,,8,0,,,,,,,,,,,10,17,1,2,34,22,3,9
14062161,2026-01-13,25/26,17,finished,VfB Stuttgart,Stuttgart,vfb-stuttgart,Eintracht Frankfurt,Frankfurt,eintracht-frankfurt,3,2,REGULAR,HOME_TEAM,,,True,58,42,2.31,0.98,7,1,5,1,20,12,,,,,,,3,8,10,2,15,8,2,2,,,,,395,262,,,,,23,26,,,4,1,,,,,,,,,,,8,15,6,1,22,17,5,7
14062162,2025-12-20,25/26,15,finished,VfL Wolfsburg,Wolfsburg,vfl-wolfsburg,SC Freiburg,Freiburg,sc-freiburg,3,4,REGULAR,AWAY_TEAM,,,True,56,44,1.66,3.53,2,5,0,4,13,15,,,,,,,4,3,2,6,8,15,1,1,,,,,389,297,,,,,22,27,,,5,6,,,,,,,,,,,16,8,1,5,20,18,6,3
14062163,2025-12-19,25/26,15,finished,Borussia Dortmund,Dortmund,borussia-dortmund,Borussia M'gladbach,M'gladbach,borussia-mgladbach,2,0,REGULAR,HOME_TEAM,,,True,57,43,1.43,0.28,3,0,2,0,10,6,,,,,,,1,2,6,4,13,15,2,1,,,,,557,379,,,,,32,17,,,6,0,,,,,,,,,,,15,13,2,1,12,15,5,6
14062164,2026-01-14,25/26,17,finished,VfL Wolfsburg,Wolfsburg,vfl-wolfsburg,FC St. Pauli,St. Pauli,fc-st-pauli,2,1,REGULAR,HOME_TEAM,,,True,61,39,1.88,0.89,2,2,1,2,13,9,,,,,,,3,3,7,4,8,10,1,2,,,,,539,307,,,,,38,22,,,8,4,,,,,,,,,,,10,9,4,2,16,16,7,7
14062165,2026-01-15,25/26,17,finished,FC Augsburg,Augsburg,fc-augsburg,1. FC Union Berlin,Union Berlin,1-fc-union-berlin,1,1,REGULAR,DRAW,,,True,48,52,0.55,1.31,1,2,1,1,9,16,,,,,,,1,4,3,3,18,9,1,0,0,1,,,326,360,,,,,26,29,,,2,5,,,,,,,,,,,9,18,1,0,15,28,8,6
14062166,2026-01-14,25/26,17,finished,TSG Hoffenheim,Hoffenheim,tsg-hoffenheim,Borussia M'gladbach,M'gladbach,borussia-mgladbach,5,1,REGULAR,HOME_TEAM,,,True,66,34,3.42,0.94,8,2,4,1,18,7,,,,,,,4,6,6,2,9,16,1,1,,,,,554,250,,,,,27,14,,,9,2,,,,,,,,,,,16,10,0,1,20,26,2,9
14062167,2026-01-14,25/26,17,finished,1. FC Köln,Köln,1-fc-koln,FC Bayern München,Bayern,fc-bayern-munchen,1,3,REGULAR,AWAY_TEAM,,,True,28,72,0.72,1.5,1,2,1,1,8,19,,,,,,,5,2,4,6,4,3,,,,,,,174,604,,,,,21,25,,,4,1,,,,,,,,,,,3,4,3,5,15,21,12,4
14062168,2026-01-17,25/26,18,finished,Borussia Dortmund,Dortmund,borussia-dortmund,FC St. Pauli,St. Pauli,fc-st-pauli,3,2,REGULAR,HOME_TEAM,,,True,63,37,3.2,0.54,4,1,1,1,10,9,,,,,,,3,2,5,5,10,9,3,1,,,,,558,267,,,,,32,22,,,4,6,,,,,,,,,,,9,11,1,2,20,18,5,11
14062170,2026-01-17,25/26,18,finished,RB Leipzig,Leipzig,rb-leipzig,FC Bayern München,Bayern,fc-bayern-munchen,1,5,REGULAR,AWAY_TEAM,,,True,42,58,2.45,4.56,7,6,6,3,17,19,,,,,,,7,3,5,9,6,7,1,0,,,,,352,532,,,,,18,26,,,4,5,,,,,,,,,,,7,6,0,2,20,16,3,6
14062171,2026-01-18,25/26,18,finished,VfB Stuttgart,Stuttgart,vfb-stuttgart,1. FC Union Berlin,Union Berlin,1-fc-union-berlin,1,1,REGULAR,DRAW,,,True,57,43,2.13,1.71,4,2,4,2,12,20,,,,,,,2,2,3,8,11,6,1,1,,,,,430,273,,,,,27,36,,,2,7,,,,,,,,,,,6,11,,,13,22,12,9
14062172,2026-01-18,25/26,18,finished,FC Augsburg,Augsburg,fc-augsburg,SC Freiburg,Freiburg,sc-freiburg,2,2,REGULAR,DRAW,,,True,45,55,0.91,1.53,1,2,1,0,13,13,,,,,,,2,3,9,6,14,11,3,2,,,,,266,333,,,,,22,27,,,8,5,,,,,,,,,,,11,14,1,1,20,12,4,6
14062173,2026-01-17,25/26,18,finished,VfL Wolfsburg,Wolfsburg,vfl-wolfsburg,1. FC Heidenheim,Heidenheim,1-fc-heidenheim,1,1,REGULAR,DRAW,,,True,70,30,0.92,0.99,2,3,1,3,13,13,,,,,,,2,3,9,6,12,10,4,3,,,,,535,177,,,,,24,22,,,3,5,,,,,,,,,,,10,12,1,0,24,18,7,10
14062174,2026-01-16,25/26,18,finished,SV Werder Bremen,Bremen,sv-werder-bremen,Eintracht Frankfurt,Frankfurt,eintracht-frankfurt,3,3,REGULAR,DRAW,,,True,60,40,1.96,0.98,3,4,1,2,13,8,,,,,,,1,1,4,1,15,8,1,4,,,,,423,258,,,,,30,29,,,4,2,,,,,,,,,,,8,15,2,1,29,27,5,12
14062175,2026-01-17,25/26,18,finished,TSG Hoffenheim,Hoffenheim,tsg-hoffenheim,Bayer 04 Leverkusen,Leverkusen,bayer-04-leverkusen,1,0,REGULAR,HOME_TEAM,,,True,38,62,1.55,0.96,4,2,4,2,19,8,,,,,,,2,7,3,5,7,17,2,1,,,,,265,470,,,,,21,43,,,2,1,,,,,,,,,,,17,7,3,1,12,22,7,7
14062176,2026-01-17,25/26,18,finished,1. FC Köln,Köln,1-fc-koln,1. FSV Mainz 05,Mainz 05,1-fsv-mainz-05,2,1,REGULAR,HOME_TEAM,,,True,62,38,2.08,1.52,3,3,1,3,20,10,,,,,,,5,4,9,5,10,6,4,4,,,,,374,193,,,,,30,27,,,5,2,,,,,,,,,,,6,10,0,4,32,15,5,14
14062177,2026-01-17,25/26,18,finished,Hamburger SV,HSV,hamburger-sv,Borussia M'gladbach,M'gladbach,borussia-mgladbach,0,0,REGULAR,DRAW,,,True,57,43,1.19,0.47,2,1,2,1,25,6,,,,,,,0,12,2,5,18,16,1,2,,,,,462,316,,,,,18,20,,,4,1,,,,,,,,,,,16,18,2,0,12,14,9,12
14062180,2026-01-24,25/26,19,finished,Eintracht Frankfurt,Frankfurt,eintracht-frankfurt,TSG Hoffenheim,Hoffenheim,tsg-hoffenheim,1,3,REGULAR,AWAY_TEAM,,,True,47,53,0.59,1.35,1,3,1,1,9,10,,,,,,,3,2,6,6,16,8,0,4,,,,,315,379,,,,,26,21,,,2,5,,,,,,,,,,,8,16,0,3,24,26,9,6
14062181,2026-01-25,25/26,19,finished,SC Freiburg,Freiburg,sc-freiburg,1. FC Köln,Köln,1-fc-koln,2,1,REGULAR,HOME_TEAM,,,True,47,53,2.25,1.38,3,2,1,2,13,19,,,,,,,4,3,5,5,8,5,1,2,,,,,307,335,,,,,14,20,,,6,12,,,,,,,,,,,5,9,,,17,16,11,6
14062182,2026-01-24,25/26,19,finished,1. FSV Mainz 05,Mainz 05,1-fsv-mainz-05,VfL Wolfsburg,Wolfsburg,vfl-wolfsburg,3,1,REGULAR,HOME_TEAM,,,True,59,41,3.82,0.73,9,1,6,0,20,7,,,,,,,1,5,15,1,9,8,3,2,,,,,333,216,,,,,28,22,,,11,3,,,,,,,,,,,8,11,2,0,28,20,6,11
14062183,2026-01-25,25/26,19,finished,Borussia M'gladbach,M'gladbach,borussia-mgladbach,VfB Stuttgart,Stuttgart,vfb-stuttgart,0,3,REGULAR,AWAY_TEAM,,,True,44,56,1.17,1.56,2,4,2,3,12,17,,,,,,,6,3,1,4,6,11,1,1,,,,,347,475,,,,,19,19,,,1,5,,,,,,,,,,,11,7,,,19,16,10,6
14062184,2026-01-24,25/26,19,finished,1. FC Union Berlin,Union Berlin,1-fc-union-berlin,Borussia Dortmund,Dortmund,borussia-dortmund,0,3,REGULAR,AWAY_TEAM,,,True,56,44,1.24,1.84,4,3,4,1,10,15,,,,,,,2,3,7,2,16,9,0,1,,,,,268,208,,,,,30,19,,,10,6,,,,,,,,,,,10,16,2,0,20,19,7,7
14062185,2026-01-23,25/26,19,finished,FC St. Pauli,St. Pauli,fc-st-pauli,Hamburger SV,HSV,hamburger-sv,0,0,REGULAR,DRAW,,,True,43,57,0.33,0.35,,,,,8,5,,,,,,,2,3,5,4,13,15,1,1,,,,,325,496,,,,,13,32,,,4,1,,,,,,,,,,,15,13,0,3,23,15,5,6
14062186,2026-01-24,25/26,19,finished,1. FC Heidenheim,Heidenheim,1-fc-heidenheim,RB Leipzig,Leipzig,rb-leipzig,0,3,REGULAR,AWAY_TEAM,,,True,26,74,0.95,1.64,2,3,2,3,7,11,,,,,,,4,2,4,0,9,10,1,0,,,,,160,625,,,,,20,30,,,2,0,,,,,,,,,,,10,9,1,3,20,17,7,7
14062187,2026-02-01,25/26,20,finished,Borussia Dortmund,Dortmund,borussia-dortmund,1. FC Heidenheim,Heidenheim,1-fc-heidenheim,3,2,REGULAR,HOME_TEAM,,,True,65,35,3.32,2.31,6,7,3,6,19,12,,,,,,,1,2,12,3,9,11,2,2,,,,,397,182,,,,,21,23,,,5,8,,,,,,,,,,,11,11,0,6,20,15,9,11
14062188,2026-02-08,25/26,21,finished,FC Bayern München,Bayern,fc-bayern-munchen,TSG Hoffenheim,Hoffenheim,tsg-hoffenheim,5,1,REGULAR,HOME_TEAM,,,True,55,45,6.02,2.04,11,6,7,5,27,9,,,,,,,3,8,8,3,7,11,2,2,0,1,,,427,324,,,,,30,24,,,7,4,,,,,,,,,,,11,9,3,0,11,11,6,14
14062189,2026-01-31,25/26,20,finished,RB Leipzig,Leipzig,rb-leipzig,1. FSV Mainz 05,Mainz 05,1-fsv-mainz-05,1,2,REGULAR,AWAY_TEAM,,,True,70,30,1.74,2.33,3,4,2,2,15,11,,,,,,,2,3,5,4,13,3,0,4,,,,,604,206,,,,,26,20,,,4,5,,,,,,,,,,,4,13,2,2,23,18,9,8
14062190,2026-01-31,25/26,20,finished,Eintracht Frankfurt,Frankfurt,eintracht-frankfurt,Bayer 04 Leverkusen,Leverkusen,bayer-04-leverkusen,1,3,REGULAR,AWAY_TEAM,,,True,42,58,1.1,1.15,3,3,2,1,11,11,,,,,,,1,3,8,3,10,11,3,1,1,0,,,439,670,,,,,21,17,,,4,2,,,,,,,,,,,11,10,0,3,14,17,5,9
14062191,2026-01-31,25/26,20,finished,Hamburger SV,HSV,hamburger-sv,FC Bayern München,Bayern,fc-bayern-munchen,2,2,REGULAR,DRAW,,,True,28,72,2.25,2.41,5,5,3,3,14,13,,,,,,,4,1,3,9,15,12,6,4,,,,,206,630,,,,,23,17,,,5,2,,,,,,,,,,,12,16,3,1,6,22,6,5
14062192,2026-02-01,25/26,20,finished,VfB Stuttgart,Stuttgart,vfb-stuttgart,SC Freiburg,Freiburg,sc-freiburg,1,0,REGULAR,HOME_TEAM,,,True,69,31,1.79,0.7,4,2,4,2,18,11,,,,,,,2,5,6,2,14,14,3,1,,,,,433,154,,,,,24,27,,,8,3,,,,,,,,,,,14,14,2,1,11,10,7,9
14062193,2026-02-07,25/26,21,finished,SC Freiburg,Freiburg,sc-freiburg,SV Werder Bremen,Bremen,sv-werder-bremen,1,0,REGULAR,HOME_TEAM,,,True,33,67,0.46,0.97,0,1,0,1,7,17,,,,,,,6,1,4,8,12,9,0,1,1,0,,,202,477,,,,,18,27,,,2,11,,,,,,,,,,,9,12,0,2,19,29,10,9
14062194,2026-01-31,25/26,20,finished,SV Werder Bremen,Bremen,sv-werder-bremen,Borussia M'gladbach,M'gladbach,borussia-mgladbach,1,1,REGULAR,DRAW,,,True,68,32,1.24,0.89,0,2,0,1,18,7,,,,,,,1,5,7,3,14,10,0,1,,,,,520,211,,,,,32,17,,,9,0,,,,,,,,,,,10,14,1,3,22,12,5,8
14062195,2026-01-31,25/26,20,finished,FC Augsburg,Augsburg,fc-augsburg,FC St. Pauli,St. Pauli,fc-st-pauli,2,1,REGULAR,HOME_TEAM,,,True,44,56,1.13,2.46,5,5,3,4,12,17,,,,,,,3,4,5,5,13,14,3,1,,,,,323,429,,,,,34,19,,,3,3,,,,,,,,,,,15,13,1,1,21,22,11,5
14062196,2026-01-30,25/26,20,finished,1. FC Köln,Köln,1-fc-koln,VfL Wolfsburg,Wolfsburg,vfl-wolfsburg,1,0,REGULAR,HOME_TEAM,,,True,42,58,1.26,1.15,2,3,2,3,15,14,,,,,,,3,2,3,4,16,8,1,4,,,,,230,370,,,,,24,16,,,8,7,,,,,,,,,,,8,16,2,3,23,23,12,10
14062197,2026-01-31,25/26,20,finished,TSG Hoffenheim,Hoffenheim,tsg-hoffenheim,1. FC Union Berlin,Union Berlin,1-fc-union-berlin,3,1,REGULAR,HOME_TEAM,,,True,59,41,1.37,1.84,2,2,0,2,9,16,,,,,,,2,2,3,10,17,11,2,2,,,,,351,176,,,,,23,29,,,4,9,,,,,,,,,,,11,18,3,0,27,21,11,7
14062198,2026-02-07,25/26,21,finished,1. FSV Mainz 05,Mainz 05,1-fsv-mainz-05,FC Augsburg,Augsburg,fc-augsburg,2,0,REGULAR,HOME_TEAM,,,True,39,61,2.41,0.7,4,2,2,2,10,14,,,,,,,6,4,6,4,8,12,2,2,,,,,244,426,,,,,25,30,,,5,3,,,,,,,,,,,12,10,2,1,24,21,8,8
14062199,2026-02-07,25/26,21,finished,Borussia M'gladbach,M'gladbach,borussia-mgladbach,Bayer 04 Leverkusen,Leverkusen,bayer-04-leverkusen,1,1,REGULAR,DRAW,,,True,39,61,0.71,0.79,1,1,,,9,10,,,,,,,2,5,2,2,11,7,2,3,,,,,385,646,,,,,14,23,,,0,1,,,,,,,,,,,7,11,1,1,15,13,10,1
14062200,2026-02-07,25/26,21,finished,VfL Wolfsburg,Wolfsburg,vfl-wolfsburg,Borussia Dortmund,Dortmund,borussia-dortmund,1,2,REGULAR,AWAY_TEAM,,,True,35,65,1.46,1.23,4,2,3,1,12,21,,,,,,,2,1,4,8,10,13,1,1,,,,,241,499,,,,,25,24,,,6,7,,,,,,,,,,,13,10,0,2,22,24,8,8
14062201,2026-02-07,25/26,21,finished,FC St. Pauli,St. Pauli,fc-st-pauli,VfB Stuttgart,Stuttgart,vfb-stuttgart,2,1,REGULAR,HOME_TEAM,,,True,32,68,1.95,0.86,2,2,1,2,15,7,,,,,,,2,5,5,5,9,9,0,2,,,,,223,567,,,,,19,22,,,4,6,,,,,,,,,,,9,10,0,2,17,24,4,5
14062202,2026-02-06,25/26,21,finished,1. FC Union Berlin,Union Berlin,1-fc-union-berlin,Eintracht Frankfurt,Frankfurt,eintracht-frankfurt,1,1,REGULAR,DRAW,,,True,27,73,1.53,0.14,2,1,1,1,11,3,,,,,,,0,2,5,2,10,9,4,3,0,1,,,158,567,,,,,18,37,,,2,1,,,,,,,,,,,9,11,1,0,20,18,4,11
14062203,2026-02-07,25/26,21,finished,1. FC Heidenheim,Heidenheim,1-fc-heidenheim,Hamburger SV,HSV,hamburger-sv,0,2,REGULAR,AWAY_TEAM,,,True,48,52,1.55,1.61,2,1,2,0,20,14,,,,,,,3,4,10,8,11,6,0,2,,,,,287,329,,,,,22,19,,,5,2,,,,,,,,,,,6,11,3,0,19,24,8,18
14062205,2026-02-08,25/26,21,finished,1. FC Köln,Köln,1-fc-koln,RB Leipzig,Leipzig,rb-leipzig,1,2,REGULAR,AWAY_TEAM,,,True,46,54,1.05,1.99,3,5,3,3,10,19,,,,,,,2,1,4,3,13,7,1,4,,,,,249,352,,,,,26,17,,,7,4,,,,,,,,,,,7,13,5,3,22,17,5,12
14062206,2026-02-14,25/26,22,finished,Bayer 04 Leverkusen,Leverkusen,bayer-04-leverkusen,FC St. Pauli,St. Pauli,fc-st-pauli,4,0,REGULAR,HOME_TEAM,,,True,68,32,1.58,0.52,5,1,2,1,12,11,,,,,,,1,3,8,3,11,7,0,1,,,,,754,302,,,,,25,16,,,4,4,,,,,,,,,,,7,11,2,3,16,20,6,4
14062207,2026-02-14,25/26,22,finished,SV Werder Bremen,Bremen,sv-werder-bremen,FC Bayern München,Bayern,fc-bayern-munchen,0,3,REGULAR,AWAY_TEAM,,,True,35,65,0.81,1.95,0,4,0,3,14,11,,,,,,,5,3,2,4,6,9,3,1,,,,,296,636,,,,,21,24,,,3,2,,,,,,,,,,,10,6,2,3,13,17,6,11
14062208,2026-02-14,25/26,22,finished,Eintracht Frankfurt,Frankfurt,eintracht-frankfurt,Borussia M'gladbach,M'gladbach,borussia-mgladbach,3,0,REGULAR,HOME_TEAM,,,True,44,56,1.64,1.19,4,0,3,0,12,20,,,,,,,3,6,2,8,11,11,3,2,,,,,324,416,,,,,16,21,,,2,4,,,,,,,,,,,11,11,4,1,17,20,13,1
14062209,2026-02-14,25/26,22,finished,VfB Stuttgart,Stuttgart,vfb-stuttgart,1. FC Köln,Köln,1-fc-koln,3,1,REGULAR,HOME_TEAM,,,True,57,43,2.25,1.58,4,2,1,1,13,10,,,,,,,2,1,2,5,10,10,4,1,,,,,403,259,,,,,22,20,,,3,7,,,,,,,,,,,10,10,1,2,13,24,10,5
14062210,2026-02-15,25/26,22,finished,RB Leipzig,Leipzig,rb-leipzig,VfL Wolfsburg,Wolfsburg,vfl-wolfsburg,2,2,REGULAR,DRAW,,,True,68,32,2.94,0.62,5,1,4,0,20,10,,,,,,,1,8,6,2,10,6,1,2,,,,,605,254,,,,,31,15,,,12,0,,,,,,,,,,,6,10,,,31,13,6,6
14062211,2026-02-15,25/26,22,finished,FC Augsburg,Augsburg,fc-augsburg,1. FC Heidenheim,Heidenheim,1-fc-heidenheim,1,0,REGULAR,HOME_TEAM,,,True,49,51,1.94,1.09,2,0,1,0,12,16,,,,,,,2,3,4,5,8,9,1,2,,,,,359,385,,,,,18,29,,,3,1,,,,,,,,,,,9,9,,,18,22,11,8
14062212,2026-02-13,25/26,22,finished,Borussia Dortmund,Dortmund,borussia-dortmund,1. FSV Mainz 05,Mainz 05,1-fsv-mainz-05,4,0,REGULAR,HOME_TEAM,,,True,55,45,2.32,1.51,5,2,2,2,14,10,,,,,,,5,4,7,2,5,10,3,2,,,,,422,348,,,,,20,19,,,7,4,,,,,,,,,,,10,5,0,5,18,23,6,5
14062213,2026-02-14,25/26,22,finished,Hamburger SV,HSV,hamburger-sv,1. FC Union Berlin,Union Berlin,1-fc-union-berlin,3,2,REGULAR,HOME_TEAM,,,True,56,44,2.06,2.13,5,3,3,1,13,12,,,,,,,3,1,6,3,7,11,3,0,,,,,345,240,,,,,19,23,,,5,9,,,,,,,,,,,12,7,2,3,26,21,5,9
14062214,2026-02-14,25/26,22,finished,TSG Hoffenheim,Hoffenheim,tsg-hoffenheim,SC Freiburg,Freiburg,sc-freiburg,3,0,REGULAR,HOME_TEAM,,,True,61,39,1.71,0.77,2,0,2,0,25,13,,,,,,,3,4,6,6,6,8,3,1,,,,,440,235,,,,,31,29,,,7,4,,,,,,,,,,,8,6,2,2,20,14,5,11
14062215,2026-02-21,25/26,23,finished,FC Bayern München,Bayern,fc-bayern-munchen,Eintracht Frankfurt,Frankfurt,eintracht-frankfurt,3,2,REGULAR,HOME_TEAM,,,True,51,49,2.79,2.35,3,4,2,2,24,9,,,,,,,1,8,8,2,10,8,0,3,,,,,465,438,,,,,19,12,,,4,3,,,,,,,,,,,9,10,1,0,11,14,5,8
14062216,2026-02-20,25/26,23,finished,1. FSV Mainz 05,Mainz 05,1-fsv-mainz-05,Hamburger SV,HSV,hamburger-sv,1,1,REGULAR,DRAW,,,True,45,55,1.53,0.7,1,1,1,1,17,14,,,,,,,4,2,7,2,13,16,3,2,,,,,232,337,,,,,24,25,,,9,2,,,,,,,,,,,16,13,2,1,14,14,10,8
14062217,2026-02-22,25/26,23,finished,SC Freiburg,Freiburg,sc-freiburg,Borussia M'gladbach,M'gladbach,borussia-mgladbach,2,1,REGULAR,HOME_TEAM,,,True,37,63,1.73,0.72,2,2,1,2,10,12,,,,,,,1,4,3,3,8,9,1,2,,,,,225,435,,,,,17,34,,,0,7,,,,,,,,,,,9,8,4,3,21,17,12,4
14062218,2026-02-21,25/26,23,finished,RB Leipzig,Leipzig,rb-leipzig,Borussia Dortmund,Dortmund,borussia-dortmund,2,2,REGULAR,DRAW,,,True,55,45,1.9,1.61,5,3,3,2,13,11,,,,,,,4,1,6,2,17,11,3,4,,,,,374,279,,,,,23,25,,,7,5,,,,,,,,,,,11,17,0,4,14,24,3,7
14062219,2026-02-21,25/26,23,finished,1. FC Union Berlin,Union Berlin,1-fc-union-berlin,Bayer 04 Leverkusen,Leverkusen,bayer-04-leverkusen,1,0,REGULAR,HOME_TEAM,,,True,35,65,0.55,0.94,1,3,0,3,8,16,,,,,,,3,3,4,5,7,15,5,2,,,,,210,471,,,,,28,21,,,3,9,,,,,,,,,,,15,7,1,1,21,23,11,1
14062220,2026-02-21,25/26,23,finished,VfL Wolfsburg,Wolfsburg,vfl-wolfsburg,FC Augsburg,Augsburg,fc-augsburg,2,3,REGULAR,AWAY_TEAM,,,True,50,50,1.6,1.79,4,2,2,0,10,15,,,,,,,3,2,4,10,16,9,3,4,,,,,393,374,,,,,15,36,,,5,7,,,,,,,,,,,10,16,1,1,13,24,7,8
14062221,2026-02-22,25/26,23,finished,FC St. Pauli,St. Pauli,fc-st-pauli,SV Werder Bremen,Bremen,sv-werder-bremen,2,1,REGULAR,HOME_TEAM,,,True,42,58,0.2,1.55,0,4,0,3,4,13,,,,,,,3,2,1,5,10,6,2,5,,,,,312,460,,,,,13,28,,,3,4,,,,,,,,,,,6,10,5,1,27,28,5,4
14062222,2026-02-22,25/26,23,finished,1. FC Heidenheim,Heidenheim,1-fc-heidenheim,VfB Stuttgart,Stuttgart,vfb-stuttgart,3,3,REGULAR,DRAW,,,True,34,66,2.13,2.23,4,3,1,1,10,12,,,,,,,5,3,3,4,6,12,1,2,,,,,209,496,,,,,24,25,,,2,5,,,,,,,,,,,13,7,3,2,18,31,5,7
14062223,2026-02-21,25/26,23,finished,1. FC Köln,Köln,1-fc-koln,TSG Hoffenheim,Hoffenheim,tsg-hoffenheim,2,2,REGULAR,DRAW,,,True,36,64,1.09,1.7,2,2,1,0,9,18,,,,,,,4,2,3,10,12,6,1,3,,,,,189,390,,,,,17,22,,,4,10,,,,,,,,,,,6,12,4,0,30,21,11,2
14062224,2026-03-01,25/26,24,finished,Eintracht Frankfurt,Frankfurt,eintracht-frankfurt,SC Freiburg,Freiburg,sc-freiburg,2,0,REGULAR,HOME_TEAM,,,True,63,37,1.11,0.55,2,2,2,2,15,4,,,,,,,2,5,5,6,11,9,1,2,,,,,510,271,,,,,29,19,,,4,2,,,,,,,,,,,9,11,2,1,16,18,4,3
14062225,2026-02-28,25/26,24,finished,Borussia Dortmund,Dortmund,borussia-dortmund,FC Bayern München,Bayern,fc-bayern-munchen,2,3,REGULAR,AWAY_TEAM,,,True,33,67,1.05,2.06,5,2,3,1,10,14,,,,,,,3,0,5,2,10,14,1,0,,,,,206,512,,,,,30,39,,,5,2,,,,,,,,,,,15,10,3,1,16,19,8,9
14062226,2026-02-28,25/26,24,finished,Borussia M'gladbach,M'gladbach,borussia-mgladbach,1. FC Union Berlin,Union Berlin,1-fc-union-berlin,1,0,REGULAR,HOME_TEAM,,,True,60,40,3.02,0.14,3,0,2,0,21,6,,,,,,,2,6,6,2,17,5,4,5,,,,,401,239,,,,,21,23,,,9,2,,,,,,,,,,,5,18,1,2,21,23,3,10
14062227,2026-02-28,25/26,24,finished,Bayer 04 Leverkusen,Leverkusen,bayer-04-leverkusen,1. FSV Mainz 05,Mainz 05,1-fsv-mainz-05,1,1,REGULAR,DRAW,,,True,66,34,1.28,0.74,2,2,1,1,12,8,,,,,,,3,4,6,2,13,9,1,2,,,,,641,284,,,,,19,23,,,3,4,,,,,,,,,,,9,13,2,0,31,14,9,9
14062228,2026-03-06,25/26,25,finished,FC Bayern München,Bayern,fc-bayern-munchen,Borussia M'gladbach,M'gladbach,borussia-mgladbach,4,1,REGULAR,HOME_TEAM,,,True,70,30,3.09,1.05,4,3,1,2,18,10,,,,,,,4,5,7,1,11,7,1,0,0,1,,,707,256,,,,,3,10,,,1,3,,,,,,,,,,,7,12,2,3,18,13,3,8
14062229,2026-03-01,25/26,24,finished,Hamburger SV,HSV,hamburger-sv,RB Leipzig,Leipzig,rb-leipzig,1,2,REGULAR,AWAY_TEAM,,,True,42,58,0.55,3.09,1,5,0,3,7,13,,,,,,,3,2,4,9,12,7,3,2,,,,,288,433,,,,,28,17,,,2,8,,,,,,,,,,,8,12,1,0,21,17,9,6
14062230,2026-02-28,25/26,24,finished,SV Werder Bremen,Bremen,sv-werder-bremen,1. FC Heidenheim,Heidenheim,1-fc-heidenheim,2,0,REGULAR,HOME_TEAM,,,True,49,51,2.7,1.36,8,4,7,4,17,9,,,,,,,0,4,3,2,9,14,1,0,,,,,314,336,,,,,22,25,,,4,7,,,,,,,,,,,14,9,2,0,29,17,12,10
14062231,2026-02-28,25/26,24,finished,TSG Hoffenheim,Hoffenheim,tsg-hoffenheim,FC St. Pauli,St. Pauli,fc-st-pauli,0,1,REGULAR,AWAY_TEAM,,,True,65,35,2.8,0.78,5,1,5,0,20,11,,,,,,,2,11,10,3,7,13,1,2,,,,,455,208,,,,,31,19,,,12,4,,,,,,,,,,,13,7,4,1,26,24,5,12
14062232,2026-02-27,25/26,24,finished,FC Augsburg,Augsburg,fc-augsburg,1. FC Köln,Köln,1-fc-koln,2,0,REGULAR,HOME_TEAM,,,True,46,54,1.47,0.49,2,0,,,14,10,,,,,,,3,2,6,9,4,15,4,1,,,,,303,362,,,,,17,17,,,3,7,,,,,,,,,,,15,4,3,0,23,20,8,7
14062233,2026-03-07,25/26,25,finished,SC Freiburg,Freiburg,sc-freiburg,Bayer 04 Leverkusen,Leverkusen,bayer-04-leverkusen,3,3,REGULAR,DRAW,,,True,47,53,2.67,2.11,6,4,3,3,21,17,,,,,,,2,6,5,2,8,7,3,3,,,,,408,466,,,,,12,26,,,11,6,,,,,,,,,,,7,8,1,1,11,14,11,10
14062234,2026-03-01,25/26,24,finished,VfB Stuttgart,Stuttgart,vfb-stuttgart,VfL Wolfsburg,Wolfsburg,vfl-wolfsburg,4,0,REGULAR,HOME_TEAM,,,True,63,37,3.28,0.78,5,1,3,1,24,10,,,,,,,3,7,7,3,17,5,1,0,,,,,548,292,,,,,28,24,,,8,3,,,,,,,,,,,5,17,1,1,24,11,8,9
14065063,2025-08-30,25/26,2,finished,SV Werder Bremen,Bremen,sv-werder-bremen,Bayer 04 Leverkusen,Leverkusen,bayer-04-leverkusen,3,3,REGULAR,DRAW,,,True,45,55,2.59,2.1,5,4,2,1,12,10,,,,,,,1,2,3,7,9,10,4,3,1,0,,,386,510,,,,,17,31,,,4,2,,,,,,,,,,,11,10,1,1,17,16,3,9
14065064,2025-08-30,25/26,2,finished,RB Leipzig,Leipzig,rb-leipzig,1. FC Heidenheim,Heidenheim,1-fc-heidenheim,2,0,REGULAR,HOME_TEAM,,,True,66,34,2.23,1.02,5,2,4,2,19,5,,,,,,,4,4,4,3,13,7,2,5,,,,,470,194,,,,,14,17,,,6,2,,,,,,,,,,,7,13,1,2,20,15,5,17
14065065,2025-08-30,25/26,2,finished,VfB Stuttgart,Stuttgart,vfb-stuttgart,Borussia M'gladbach,M'gladbach,borussia-mgladbach,1,0,REGULAR,HOME_TEAM,,,True,51,49,0.84,1.82,0,2,0,2,13,15,,,,,,,6,4,6,10,13,5,2,1,,,,,438,391,,,,,19,23,,,5,5,,,,,,,,,,,5,13,2,4,13,21,7,7
14065066,2025-08-31,25/26,2,finished,Borussia Dortmund,Dortmund,borussia-dortmund,1. FC Union Berlin,Union Berlin,1-fc-union-berlin,3,0,REGULAR,HOME_TEAM,,,True,65,35,2.51,1.14,4,2,2,2,11,12,,,,,,,3,3,4,6,7,14,,,,,,,642,291,,,,,27,26,,,3,7,,,,,,,,,,,14,7,1,1,12,11,8,8
14065067,2025-08-31,25/26,2,finished,VfL Wolfsburg,Wolfsburg,vfl-wolfsburg,1. FSV Mainz 05,Mainz 05,1-fsv-mainz-05,1,1,REGULAR,DRAW,,,True,40,60,0.62,1.95,0,4,0,3,11,17,,,,,,,2,2,3,10,14,14,3,5,1,0,,,224,384,,,,,23,29,,,1,10,,,,,,,,,,,15,14,,,27,25,9,6
14065071,2025-08-30,25/26,2,finished,TSG Hoffenheim,Hoffenheim,tsg-hoffenheim,Eintracht Frankfurt,Frankfurt,eintracht-frankfurt,1,3,REGULAR,AWAY_TEAM,,,True,58,42,1.37,1.56,2,4,2,2,17,9,,,,,,,3,4,4,5,10,14,2,3,,,,,393,260,,,,,24,27,,,10,1,,,,,,,,,,,14,10,3,1,25,24,6,13
14065073,2025-08-31,25/26,2,finished,1. FC Köln,Köln,1-fc-koln,SC Freiburg,Freiburg,sc-freiburg,4,1,REGULAR,HOME_TEAM,,,True,39,61,2.11,0.91,4,1,2,0,18,12,,,,,,,1,2,3,5,9,12,2,1,,,,,278,473,,,,,20,32,,,9,6,,,,,,,,,,,12,9,1,2,12,21,9,7
14065074,2025-08-29,25/26,2,finished,Hamburger SV,HSV,hamburger-sv,FC St. Pauli,St. Pauli,fc-st-pauli,0,2,REGULAR,AWAY_TEAM,,,True,48,52,0.35,1.44,1,2,1,1,5,17,,,,,,,4,2,2,5,19,13,3,3,1,0,,,367,390,,,,,24,27,,,2,2,,,,,,,,,,,13,19,1,2,16,26,9,5
14065075,2025-08-30,25/26,2,finished,FC Augsburg,Augsburg,fc-augsburg,FC Bayern München,Bayern,fc-bayern-munchen,2,3,REGULAR,AWAY_TEAM,,,True,42,58,0.51,4.24,0,9,0,6,10,20,,,,,,,7,1,7,5,11,14,3,4,,,,,292,437,,,,,17,30,,,4,3,,,,,,,,,,,14,11,4,3,21,22,7,5
14065076,2025-09-12,25/26,3,finished,Bayer 04 Leverkusen,Leverkusen,bayer-04-leverkusen,Eintracht Frankfurt,Frankfurt,eintracht-frankfurt,3,1,REGULAR,HOME_TEAM,,,True,39,61,2.11,0.65,5,1,4,1,18,13,,,,,,,1,4,4,8,8,10,5,3,2,0,,,243,412,,,,,21,15,,,3,9,,,,,,,,,,,10,9,3,0,19,18,16,13
14065077,2025-09-13,25/26,3,finished,VfL Wolfsburg,Wolfsburg,vfl-wolfsburg,1. FC Köln,Köln,1-fc-koln,3,3,REGULAR,DRAW,,,True,56,44,1.5,1.65,4,2,2,0,14,14,,,,,,,5,3,7,4,11,15,2,3,,,,,385,288,,,,,28,18,,,7,3,,,,,,,,,,,15,11,0,1,14,26,9,10
14065078,2025-09-13,25/26,3,finished,1. FSV Mainz 05,Mainz 05,1-fsv-mainz-05,RB Leipzig,Leipzig,rb-leipzig,0,1,REGULAR,AWAY_TEAM,,,True,56,44,0.9,1.79,0,2,0,2,13,19,,,,,,,2,2,3,5,11,12,1,0,,,,,335,259,,,,,34,20,,,1,2,,,,,,,,,,,12,11,4,1,23,20,8,13
14065079,2025-09-13,25/26,3,finished,SC Freiburg,Freiburg,sc-freiburg,VfB Stuttgart,Stuttgart,vfb-stuttgart,3,1,REGULAR,HOME_TEAM,,,True,46,54,1.55,0.53,3,0,1,0,14,7,,,,,,,1,3,7,1,12,8,0,1,1,0,,,280,378,,,,,23,26,,,3,6,,,,,,,,,,,8,13,0,2,23,14,5,10
14065080,2025-09-14,25/26,3,finished,Borussia M'gladbach,M'gladbach,borussia-mgladbach,SV Werder Bremen,Bremen,sv-werder-bremen,0,4,REGULAR,AWAY_TEAM,,,True,55,45,1.48,2.09,2,3,2,1,19,12,,,,,,,3,2,9,4,9,11,1,0,,,,,430,350,,,,,14,14,,,8,1,,,,,,,,,,,12,9,0,1,14,18,7,13
14065081,2025-09-13,25/26,3,finished,1. FC Union Berlin,Union Berlin,1-fc-union-berlin,TSG Hoffenheim,Hoffenheim,tsg-hoffenheim,2,4,REGULAR,AWAY_TEAM,,,True,42,58,2.59,2.76,5,6,3,2,20,9,,,,,,,4,5,9,2,12,11,0,1,1,0,,,227,359,,,,,22,22,,,6,4,,,,,,,,,,,13,12,2,0,30,25,1,7
14065082,2025-09-13,25/26,3,finished,1. FC Heidenheim,Heidenheim,1-fc-heidenheim,Borussia Dortmund,Dortmund,borussia-dortmund,0,2,REGULAR,AWAY_TEAM,,,True,25,75,0.4,2.76,1,3,1,1,6,17,,,,,,,6,1,5,4,9,5,2,3,1,0,,,175,712,,,,,26,18,,,3,4,,,,,,,,,,,5,9,2,2,7,25,11,4
14065083,2025-09-14,25/26,3,finished,FC St. Pauli,St. Pauli,fc-st-pauli,FC Augsburg,Augsburg,fc-augsburg,2,1,REGULAR,HOME_TEAM,,,True,57,43,1.9,0.78,3,1,2,0,13,10,,,,,,,4,5,3,1,11,10,1,4,,,,,438,336,,,,,19,16,,,6,2,,,,,,,,,,,10,12,0,3,20,22,8,5
14065084,2025-09-21,25/26,4,finished,Bayer 04 Leverkusen,Leverkusen,bayer-04-leverkusen,Borussia M'gladbach,M'gladbach,borussia-mgladbach,1,1,REGULAR,DRAW,,,True,62,38,1.46,0.81,3,1,2,0,13,13,,,,,,,6,7,3,4,15,12,5,5,,,,,606,346,,,,,14,18,,,3,7,,,,,,,,,,,12,15,2,3,17,14,6,4
14065085,2025-09-21,25/26,4,finished,Borussia Dortmund,Dortmund,borussia-dortmund,VfL Wolfsburg,Wolfsburg,vfl-wolfsburg,1,0,REGULAR,HOME_TEAM,,,True,56,44,1.1,0.8,1,2,1,2,12,9,,,,,,,0,3,9,3,9,10,1,0,,,,,464,360,,,,,30,20,,,6,5,,,,,,,,,,,10,9,2,0,25,13,6,11
14065086,2025-09-20,25/26,4,finished,SV Werder Bremen,Bremen,sv-werder-bremen,SC Freiburg,Freiburg,sc-freiburg,0,3,REGULAR,AWAY_TEAM,,,True,62,38,1.22,2.42,1,4,1,2,12,10,,,,,,,3,5,2,0,6,12,5,2,,,,,475,275,,,,,34,40,,,5,2,,,,,,,,,,,13,7,1,2,22,21,7,10
14065087,2025-09-21,25/26,4,finished,Eintracht Frankfurt,Frankfurt,eintracht-frankfurt,1. FC Union Berlin,Union Berlin,1-fc-union-berlin,3,4,REGULAR,AWAY_TEAM,,,True,78,22,1.9,1.64,2,4,1,1,19,11,,,,,,,1,7,5,1,10,10,3,2,,,,,589,112,,,,,17,20,,,6,3,,,,,,,,,,,10,11,2,5,26,14,7,15
14065088,2025-09-26,25/26,5,finished,FC Bayern München,Bayern,fc-bayern-munchen,SV Werder Bremen,Bremen,sv-werder-bremen,4,0,REGULAR,HOME_TEAM,,,True,59,41,3.46,0.41,7,0,4,0,26,9,,,,,,,3,8,7,6,3,9,2,0,,,,,587,359,,,,,25,30,,,4,1,,,,,,,,,,,9,4,0,2,19,15,7,12
14065089,2025-09-19,25/26,4,finished,VfB Stuttgart,Stuttgart,vfb-stuttgart,FC St. Pauli,St. Pauli,fc-st-pauli,2,0,REGULAR,HOME_TEAM,,,True,54,46,2.11,0.95,5,2,4,2,17,9,,,,,,,3,6,8,4,14,13,0,2,,,,,462,338,,,,,20,18,,,3,2,,,,,,,,,,,13,15,2,0,23,24,3,5
14065090,2025-09-20,25/26,4,finished,Hamburger SV,HSV,hamburger-sv,1. FC Heidenheim,Heidenheim,1-fc-heidenheim,2,1,REGULAR,HOME_TEAM,,,True,49,51,2.35,2.98,5,6,4,5,22,20,,,,,,,6,7,1,12,10,15,5,1,,,,,337,325,,,,,21,27,,,3,7,,,,,,,,,,,15,10,1,2,15,20,9,8
14065091,2025-09-20,25/26,4,finished,RB Leipzig,Leipzig,rb-leipzig,1. FC Köln,Köln,1-fc-koln,3,1,REGULAR,HOME_TEAM,,,True,47,53,3.28,1.7,6,3,4,2,18,13,,,,,,,0,5,9,5,8,10,1,1,,,,,366,412,,,,,17,33,,,8,6,,,,,,,,,,,10,8,3,0,18,21,5,7
14065092,2025-09-27,25/26,5,finished,Borussia M'gladbach,M'gladbach,borussia-mgladbach,Eintracht Frankfurt,Frankfurt,eintracht-frankfurt,4,6,REGULAR,AWAY_TEAM,,,True,39,61,1.7,2.8,4,5,,,11,21,,,,,,,1,4,4,6,8,14,1,2,,,,,291,496,,,,,28,26,,,8,6,,,,,,,,,,,14,8,4,1,18,17,7,5
14065093,2025-09-20,25/26,4,finished,FC Augsburg,Augsburg,fc-augsburg,1. FSV Mainz 05,Mainz 05,1-fsv-mainz-05,1,4,REGULAR,AWAY_TEAM,,,True,61,39,1.12,2.52,0,4,0,1,18,12,,,,,,,0,4,6,6,10,13,1,2,0,1,,,414,234,,,,,21,22,,,11,1,,,,,,,,,,,13,10,2,2,27,26,6,7
14065094,2025-09-27,25/26,5,finished,1. FSV Mainz 05,Mainz 05,1-fsv-mainz-05,Borussia Dortmund,Dortmund,borussia-dortmund,0,2,REGULAR,AWAY_TEAM,,,True,49,51,0.48,1.44,1,2,1,0,8,10,,,,,,,2,2,7,5,14,12,2,1,1,0,,,275,300,,,,,19,24,,,4,3,,,,,,,,,,,12,14,5,2,15,29,8,6
14065095,2025-09-27,25/26,5,finished,FC St. Pauli,St. Pauli,fc-st-pauli,Bayer 04 Leverkusen,Leverkusen,bayer-04-leverkusen,1,2,REGULAR,AWAY_TEAM,,,True,49,51,0.82,0.69,1,3,1,1,13,5,,,,,,,2,4,13,1,11,13,3,5,,,,,372,414,,,,,16,22,,,4,1,,,,,,,,,,,13,11,2,0,25,16,2,9
14065096,2025-09-20,25/26,4,finished,TSG Hoffenheim,Hoffenheim,tsg-hoffenheim,FC Bayern München,Bayern,fc-bayern-munchen,1,4,REGULAR,AWAY_TEAM,,,True,38,62,0.85,3.04,1,3,1,1,13,18,,,,,,,6,3,5,5,9,15,1,2,,,,,257,503,,,,,13,35,,,6,2,,,,,,,,,,,17,9,2,1,16,17,5,5
14065097,2025-09-28,25/26,5,finished,SC Freiburg,Freiburg,sc-freiburg,TSG Hoffenheim,Hoffenheim,tsg-hoffenheim,1,1,REGULAR,DRAW,,,True,43,57,1.31,2.54,2,2,1,1,6,15,,,,,,,3,0,6,8,15,9,2,1,,,,,205,310,,,,,26,15,,,2,6,,,,,,,,,,,9,15,1,2,21,21,5,7
14065098,2025-10-04,25/26,6,finished,Borussia Dortmund,Dortmund,borussia-dortmund,RB Leipzig,Leipzig,rb-leipzig,1,1,REGULAR,DRAW,,,True,50,50,0.89,1.09,0,1,,,15,13,,,,,,,2,2,7,7,14,13,1,3,,,,,417,422,,,,,24,24,,,3,4,,,,,,,,,,,13,14,2,3,21,13,6,9
14065099,2025-09-28,25/26,5,finished,1. FC Köln,Köln,1-fc-koln,VfB Stuttgart,Stuttgart,vfb-stuttgart,1,2,REGULAR,AWAY_TEAM,,,True,43,57,1.08,1.87,2,3,1,1,15,15,,,,,,,3,5,8,8,12,11,2,2,,,,,309,431,,,,,24,25,,,7,4,,,,,,,,,,,12,12,4,1,12,22,11,4
14065100,2025-10-04,25/26,6,finished,Eintracht Frankfurt,Frankfurt,eintracht-frankfurt,FC Bayern München,Bayern,fc-bayern-munchen,0,3,REGULAR,AWAY_TEAM,,,True,40,60,0.32,1.72,1,4,1,2,6,12,,,,,,,0,1,4,3,11,11,1,2,,,,,370,635,,,,,13,26,,,1,2,,,,,,,,,,,11,11,0,5,20,21,6,7
14065101,2025-09-28,25/26,5,finished,1. FC Union Berlin,Union Berlin,1-fc-union-berlin,Hamburger SV,HSV,hamburger-sv,0,0,REGULAR,DRAW,,,True,34,66,1.37,1.08,2,1,2,1,11,16,,,,,,,6,2,5,3,16,18,2,2,0,1,,,188,472,,,,,18,24,,,6,6,,,,,,,,,,,18,17,1,3,21,15,6,8
14065102,2025-09-27,25/26,5,finished,1. FC Heidenheim,Heidenheim,1-fc-heidenheim,FC Augsburg,Augsburg,fc-augsburg,2,1,REGULAR,HOME_TEAM,,,True,48,52,1.24,0.82,1,1,,,11,8,,,,,,,1,3,3,2,20,16,1,6,,,,,274,330,,,,,26,25,,,4,3,,,,,,,,,,,16,20,1,2,21,17,6,10
14065103,2025-09-27,25/26,5,finished,VfL Wolfsburg,Wolfsburg,vfl-wolfsburg,RB Leipzig,Leipzig,rb-leipzig,0,1,REGULAR,AWAY_TEAM,,,True,51,49,3.05,2.41,7,3,7,3,22,20,,,,,,,5,4,6,11,9,6,2,2,,,,,367,358,,,,,27,24,,,8,7,,,,,,,,,,,7,9,0,5,15,17,9,14
14065104,2025-10-04,25/26,6,finished,Bayer 04 Leverkusen,Leverkusen,bayer-04-leverkusen,1. FC Union Berlin,Union Berlin,1-fc-union-berlin,2,0,REGULAR,HOME_TEAM,,,True,74,26,2.87,0.74,5,2,3,2,20,10,,,,,,,3,1,4,4,13,11,1,3,,,,,755,201,,,,,33,16,,,2,3,,,,,,,,,,,11,13,1,0,10,16,7,11
14065105,2025-10-05,25/26,6,finished,VfB Stuttgart,Stuttgart,vfb-stuttgart,1. FC Heidenheim,Heidenheim,1-fc-heidenheim,1,0,REGULAR,HOME_TEAM,,,True,64,36,0.99,0.38,1,1,1,1,18,5,,,,,,,1,5,1,1,12,11,1,1,,,,,534,248,,,,,19,33,,,5,2,,,,,,,,,,,11,12,2,3,19,14,6,16
14065106,2025-10-04,25/26,6,finished,SV Werder Bremen,Bremen,sv-werder-bremen,FC St. Pauli,St. Pauli,fc-st-pauli,1,0,REGULAR,HOME_TEAM,,,True,41,59,1.86,0.76,2,1,2,1,15,13,,,,,,,3,4,4,0,9,8,3,1,,,,,359,539,,,,,28,21,,,1,2,,,,,,,,,,,8,9,3,1,11,31,12,3
14065107,2025-10-04,25/26,6,finished,FC Augsburg,Augsburg,fc-augsburg,VfL Wolfsburg,Wolfsburg,vfl-wolfsburg,3,1,REGULAR,HOME_TEAM,,,True,47,53,1.71,1.19,3,1,1,1,10,14,,,,,,,3,2,10,5,7,9,2,1,,,,,286,354,,,,,26,28,,,3,5,,,,,,,,,,,9,7,5,2,23,18,13,7
14065108,2025-10-05,25/26,6,finished,Hamburger SV,HSV,hamburger-sv,1. FSV Mainz 05,Mainz 05,1-fsv-mainz-05,4,0,REGULAR,HOME_TEAM,,,True,35,65,1.91,0.67,2,0,,,15,11,,,,,,,4,5,1,4,13,14,2,3,,,,,194,428,,,,,24,23,,,1,8,,,,,,,,,,,14,13,3,3,25,32,5,6
14065109,2025-10-18,25/26,7,finished,FC Bayern München,Bayern,fc-bayern-munchen,Borussia Dortmund,Dortmund,borussia-dortmund,2,1,REGULAR,HOME_TEAM,,,True,61,39,2.48,1.58,3,2,1,1,15,8,,,,,,,0,6,4,3,17,12,1,3,,,,,516,285,,,,,46,35,,,3,4,,,,,,,,,,,12,17,2,1,23,16,5,9
14065110,2025-10-05,25/26,6,finished,Borussia M'gladbach,M'gladbach,borussia-mgladbach,SC Freiburg,Freiburg,sc-freiburg,0,0,REGULAR,DRAW,,,True,53,47,0.58,0.7,,,,,9,12,,,,,,,1,5,4,1,7,15,3,1,,,,,402,346,,,,,28,19,,,4,6,,,,,,,,,,,15,7,0,3,11,27,12,5
14065111,2025-10-19,25/26,7,finished,SC Freiburg,Freiburg,sc-freiburg,Eintracht Frankfurt,Frankfurt,eintracht-frankfurt,2,2,REGULAR,DRAW,,,True,51,49,1.14,0.89,2,2,1,0,12,8,,,,,,,1,3,3,1,15,6,2,3,,,,,350,323,,,,,23,22,,,10,1,,,,,,,,,,,6,15,4,0,26,26,2,8
14065112,2025-10-18,25/26,7,finished,1. FSV Mainz 05,Mainz 05,1-fsv-mainz-05,Bayer 04 Leverkusen,Leverkusen,bayer-04-leverkusen,3,4,REGULAR,AWAY_TEAM,,,True,42,58,1.66,3.48,2,7,0,4,12,20,,,,,,,3,1,2,3,11,19,4,4,,,,,289,457,,,,,16,38,,,2,2,,,,,,,,,,,20,12,2,0,22,17,7,9
14065113,2025-10-03,25/26,6,finished,TSG Hoffenheim,Hoffenheim,tsg-hoffenheim,1. FC Köln,Köln,1-fc-koln,0,1,REGULAR,AWAY_TEAM,,,True,61,39,1.12,0.94,1,2,1,1,15,10,,,,,,,3,4,11,6,6,15,3,1,,,,,418,251,,,,,21,33,,,10,2,,,,,,,,,,,15,6,1,2,32,16,8,14
14065114,2025-10-18,25/26,7,finished,RB Leipzig,Leipzig,rb-leipzig,Hamburger SV,HSV,hamburger-sv,2,1,REGULAR,HOME_TEAM,,,True,47,53,1.06,1.53,3,2,1,2,10,15,,,,,,,2,2,3,5,12,13,3,1,,,,,393,446,,,,,15,26,,,2,5,,,,,,,,,,,13,12,0,1,23,17,11,7
14065115,2025-10-18,25/26,7,finished,VfL Wolfsburg,Wolfsburg,vfl-wolfsburg,VfB Stuttgart,Stuttgart,vfb-stuttgart,0,3,REGULAR,AWAY_TEAM,,,True,41,59,0.32,1.9,0,4,0,1,11,15,,,,,,,4,3,3,8,8,12,1,1,,,,,315,502,,,,,27,18,,,4,8,,,,,,,,,,,12,8,0,1,10,14,10,7
14065116,2025-10-19,25/26,7,finished,FC St. Pauli,St. Pauli,fc-st-pauli,TSG Hoffenheim,Hoffenheim,tsg-hoffenheim,0,3,REGULAR,AWAY_TEAM,,,True,49,51,0.99,2.34,1,5,1,2,10,14,,,,,,,3,2,9,7,17,10,1,3,,,,,317,354,,,,,27,24,,,1,4,,,,,,,,,,,10,17,4,2,27,13,8,6
14065117,2025-10-17,25/26,7,finished,1. FC Union Berlin,Union Berlin,1-fc-union-berlin,Borussia M'gladbach,M'gladbach,borussia-mgladbach,3,1,REGULAR,HOME_TEAM,,,True,37,63,1.23,0.63,3,2,1,1,16,8,,,,,,,1,2,6,6,15,21,5,3,,,,,195,419,,,,,29,16,,,5,3,,,,,,,,,,,21,15,1,2,20,14,5,10
14065118,2025-10-18,25/26,7,finished,1. FC Heidenheim,Heidenheim,1-fc-heidenheim,SV Werder Bremen,Bremen,sv-werder-bremen,2,2,REGULAR,DRAW,,,True,55,45,3.26,1.31,3,4,1,2,31,11,,,,,,,2,9,12,2,11,9,1,3,,,,,384,307,,,,,44,28,,,9,4,,,,,,,,,,,9,11,2,0,29,18,6,8
14065119,2025-10-18,25/26,7,finished,1. FC Köln,Köln,1-fc-koln,FC Augsburg,Augsburg,fc-augsburg,1,1,REGULAR,DRAW,,,True,56,44,0.58,1.12,0,2,0,1,9,10,,,,,,,3,1,5,2,17,9,2,2,,,,,377,283,,,,,26,16,,,3,2,,,,,,,,,,,10,17,6,0,32,19,4,10
14065120,2025-10-25,25/26,8,finished,Eintracht Frankfurt,Frankfurt,eintracht-frankfurt,FC St. Pauli,St. Pauli,fc-st-pauli,2,0,REGULAR,HOME_TEAM,,,True,51,49,2.26,0.39,4,2,2,2,10,9,,,,,,,1,4,1,3,6,11,0,1,,,,,473,440,,,,,23,18,,,2,2,,,,,,,,,,,11,6,2,4,17,17,8,4
14065121,2025-10-26,25/26,8,finished,Bayer 04 Leverkusen,Leverkusen,bayer-04-leverkusen,SC Freiburg,Freiburg,sc-freiburg,2,0,REGULAR,HOME_TEAM,,,True,69,31,1.71,0.72,4,1,3,1,19,10,,,,,,,3,2,2,3,8,9,1,2,0,1,,,708,270,,,,,24,24,,,3,2,,,,,,,,,,,9,8,1,0,16,10,3,12
14065122,2025-10-25,25/26,8,finished,Borussia Dortmund,Dortmund,borussia-dortmund,1. FC Köln,Köln,1-fc-koln,1,0,REGULAR,HOME_TEAM,,,True,70,30,1.9,0.39,2,1,2,1,27,5,,,,,,,1,8,17,2,8,10,2,2,,,,,534,198,,,,,19,26,,,13,2,,,,,,,,,,,10,8,0,2,23,20,4,17
14065123,2025-10-26,25/26,8,finished,VfB Stuttgart,Stuttgart,vfb-stuttgart,1. FSV Mainz 05,Mainz 05,1-fsv-mainz-05,2,1,REGULAR,HOME_TEAM,,,True,59,41,1.94,1.45,2,2,1,1,19,13,,,,,,,1,6,7,5,12,10,4,3,,,,,390,229,,,,,28,21,,,5,5,,,,,,,,,,,11,12,5,5,17,21,7,8
14065124,2025-10-24,25/26,8,finished,SV Werder Bremen,Bremen,sv-werder-bremen,1. FC Union Berlin,Union Berlin,1-fc-union-berlin,1,0,REGULAR,HOME_TEAM,,,True,58,42,0.95,0.58,1,0,1,0,16,12,,,,,,,2,2,5,6,13,6,4,0,,,,,410,269,,,,,20,18,,,3,5,,,,,,,,,,,6,13,0,2,24,21,10,11
14065125,2025-10-25,25/26,8,finished,Borussia M'gladbach,M'gladbach,borussia-mgladbach,FC Bayern München,Bayern,fc-bayern-munchen,0,3,REGULAR,AWAY_TEAM,,,True,17,83,0.79,3.97,1,4,1,3,1,27,,,,,,,7,0,1,8,8,6,0,3,1,0,,,117,846,,,,,23,23,,,1,4,,,,,,,,,,,6,9,1,1,13,22,11,1
14065126,2025-10-25,25/26,8,finished,TSG Hoffenheim,Hoffenheim,tsg-hoffenheim,1. FC Heidenheim,Heidenheim,1-fc-heidenheim,3,1,REGULAR,HOME_TEAM,,,True,60,40,2.37,1.11,4,1,2,1,14,12,,,,,,,2,4,7,5,13,14,1,1,,,,,431,247,,,,,33,38,,,2,8,,,,,,,,,,,14,13,,,21,18,6,4
14065127,2025-10-25,25/26,8,finished,FC Augsburg,Augsburg,fc-augsburg,RB Leipzig,Leipzig,rb-leipzig,0,6,REGULAR,AWAY_TEAM,,,True,50,50,0.73,2.77,0,6,0,1,15,15,,,,,,,2,2,2,3,10,9,3,1,,,,,486,512,,,,,17,21,,,2,1,,,,,,,,,,,9,10,2,0,22,9,3,13
14065128,2025-11-01,25/26,9,finished,FC Bayern München,Bayern,fc-bayern-munchen,Bayer 04 Leverkusen,Leverkusen,bayer-04-leverkusen,3,0,REGULAR,HOME_TEAM,,,True,59,41,2.03,0.23,3,0,1,0,18,7,,,,,,,1,2,10,4,3,11,1,1,,,,,607,407,,,,,29,19,,,3,1,,,,,,,,,,,11,3,1,1,18,11,6,11
14065129,2025-10-25,25/26,8,finished,Hamburger SV,HSV,hamburger-sv,VfL Wolfsburg,Wolfsburg,vfl-wolfsburg,0,1,REGULAR,AWAY_TEAM,,,True,61,39,2.77,0.37,3,1,3,1,27,6,,,,,,,1,7,11,1,17,8,1,5,,,,,418,240,,,,,32,13,,,8,0,,,,,,,,,,,8,18,2,1,23,15,6,19
14065130,2025-11-01,25/26,9,finished,1. FSV Mainz 05,Mainz 05,1-fsv-mainz-05,SV Werder Bremen,Bremen,sv-werder-bremen,1,1,REGULAR,DRAW,,,True,47,53,1.42,1.04,3,2,2,2,10,5,,,,,,,2,3,2,0,11,19,1,3,,,,,311,376,,,,,36,28,,,7,2,,,,,,,,,,,19,11,4,1,24,27,6,9
14065131,2025-11-02,25/26,9,finished,VfL Wolfsburg,Wolfsburg,vfl-wolfsburg,TSG Hoffenheim,Hoffenheim,tsg-hoffenheim,2,3,REGULAR,AWAY_TEAM,,,True,48,52,1.54,1.23,2,3,0,1,12,10,,,,,,,1,4,2,2,17,10,0,2,,,,,355,379,,,,,20,37,,,2,6,,,,,,,,,,,10,17,3,4,23,20,7,5
14065132,2025-11-01,25/26,9,finished,RB Leipzig,Leipzig,rb-leipzig,VfB Stuttgart,Stuttgart,vfb-stuttgart,3,1,REGULAR,HOME_TEAM,,,True,42,58,2.09,1.49,5,1,4,0,16,14,,,,,,,3,7,5,5,10,8,1,2,,,,,324,485,,,,,24,22,,,2,3,,,,,,,,,,,8,10,0,7,22,19,10,5
14065133,2025-10-31,25/26,9,finished,FC Augsburg,Augsburg,fc-augsburg,Borussia Dortmund,Dortmund,borussia-dortmund,0,1,REGULAR,AWAY_TEAM,,,True,47,53,0.83,0.32,1,1,1,0,9,5,,,,,,,0,1,4,3,16,14,4,1,,,,,339,400,,,,,31,18,,,2,3,,,,,,,,,,,14,16,1,0,28,18,8,5
14065134,2025-11-01,25/26,9,finished,1. FC Union Berlin,Union Berlin,1-fc-union-berlin,SC Freiburg,Freiburg,sc-freiburg,0,0,REGULAR,DRAW,,,True,37,63,1.16,1.17,2,3,2,3,11,13,,,,,,,4,2,5,5,13,20,6,1,,,,,160,369,,,,,23,20,,,5,6,,,,,,,,,,,20,13,4,1,15,14,9,9
14065135,2025-11-01,25/26,9,finished,FC St. Pauli,St. Pauli,fc-st-pauli,Borussia M'gladbach,M'gladbach,borussia-mgladbach,0,4,REGULAR,AWAY_TEAM,,,True,56,44,0.88,2.32,1,4,1,2,16,15,,,,,,,7,4,8,1,8,11,4,0,,,,,517,411,,,,,20,30,,,2,3,,,,,,,,,,,11,8,2,1,26,9,7,8
14065136,2025-11-01,25/26,9,finished,1. FC Heidenheim,Heidenheim,1-fc-heidenheim,Eintracht Frankfurt,Frankfurt,eintracht-frankfurt,1,1,REGULAR,DRAW,,,True,28,72,0.85,0.96,2,3,1,2,9,16,,,,,,,2,3,2,8,11,7,0,2,,,,,185,603,,,,,35,30,,,4,9,,,,,,,,,,,7,11,1,2,6,27,8,6
14065137,2025-11-08,25/26,10,finished,Bayer 04 Leverkusen,Leverkusen,bayer-04-leverkusen,1. FC Heidenheim,Heidenheim,1-fc-heidenheim,6,0,REGULAR,HOME_TEAM,,,True,74,26,3.31,0.12,6,0,1,0,25,1,,,,,,,0,4,11,1,7,5,0,1,,,,,868,259,,,,,17,27,,,7,0,,,,,,,,,,,5,7,,,8,14,1,8
14065138,2025-11-07,25/26,10,finished,SV Werder Bremen,Bremen,sv-werder-bremen,VfL Wolfsburg,Wolfsburg,vfl-wolfsburg,2,1,REGULAR,HOME_TEAM,,,True,60,40,1.45,0.57,3,1,1,0,20,7,,,,,,,3,5,13,3,8,13,2,0,,,,,490,318,,,,,28,21,,,12,2,,,,,,,,,,,13,8,2,2,25,14,1,12
14065139,2025-11-02,25/26,9,finished,1. FC Köln,Köln,1-fc-koln,Hamburger SV,HSV,hamburger-sv,4,1,REGULAR,HOME_TEAM,,,True,48,52,3.72,1.09,9,2,6,2,23,11,,,,,,,4,5,2,3,18,8,1,6,0,2,,,326,350,,,,,16,36,,,4,5,,,,,,,,,,,8,18,1,4,12,16,7,8
14065140,2025-11-09,25/26,10,finished,Eintracht Frankfurt,Frankfurt,eintracht-frankfurt,1. FSV Mainz 05,Mainz 05,1-fsv-mainz-05,1,0,REGULAR,HOME_TEAM,,,True,56,44,1.21,0.16,5,0,4,0,14,3,,,,,,,0,3,4,3,14,8,0,5,,,,,391,268,,,,,23,27,,,3,1,,,,,,,,,,,8,14,1,1,22,20,5,8
14065141,2025-11-09,25/26,10,finished,VfB Stuttgart,Stuttgart,vfb-stuttgart,FC Augsburg,Augsburg,fc-augsburg,3,2,REGULAR,HOME_TEAM,,,True,62,38,2.35,1.93,2,4,1,2,17,17,,,,,,,4,3,4,4,9,13,2,3,,,,,470,251,,,,,18,24,,,3,8,,,,,,,,,,,13,10,3,3,25,15,6,13
14065142,2025-11-09,25/26,10,finished,SC Freiburg,Freiburg,sc-freiburg,FC St. Pauli,St. Pauli,fc-st-pauli,2,1,REGULAR,HOME_TEAM,,,True,60,40,1.02,0.53,3,2,2,1,8,7,,,,,,,1,2,9,3,12,8,2,2,,,,,503,282,,,,,24,12,,,2,3,,,,,,,,,,,8,12,2,4,17,23,4,6
14065143,2025-11-08,25/26,10,finished,1. FC Union Berlin,Union Berlin,1-fc-union-berlin,FC Bayern München,Bayern,fc-bayern-munchen,2,2,REGULAR,DRAW,,,True,26,74,0.8,1.41,1,3,0,2,12,12,,,,,,,2,2,6,5,8,8,2,4,,,,,170,663,,,,,23,20,,,4,5,,,,,,,,,,,8,8,1,5,19,20,7,5
14065144,2025-11-08,25/26,10,finished,Borussia M'gladbach,M'gladbach,borussia-mgladbach,1. FC Köln,Köln,1-fc-koln,3,1,REGULAR,HOME_TEAM,,,True,36,64,2.98,2.22,3,2,1,1,9,19,,,,,,,4,1,2,6,11,10,2,3,,,,,278,530,,,,,17,28,,,3,8,,,,,,,,,,,11,13,3,2,15,20,5,3
14065145,2025-11-08,25/26,10,finished,TSG Hoffenheim,Hoffenheim,tsg-hoffenheim,RB Leipzig,Leipzig,rb-leipzig,3,1,REGULAR,HOME_TEAM,,,True,49,51,1.82,1.81,4,2,2,1,12,17,,,,,,,5,1,5,5,5,13,3,2,,,,,361,389,,,,,20,24,,,2,4,,,,,,,,,,,13,5,4,2,22,14,5,11
14065146,2025-11-08,25/26,10,finished,Hamburger SV,HSV,hamburger-sv,Borussia Dortmund,Dortmund,borussia-dortmund,1,1,REGULAR,DRAW,,,True,45,55,0.57,1.03,1,1,1,1,9,17,,,,,,,0,2,2,6,8,14,1,1,,,,,322,418,,,,,25,15,,,5,3,,,,,,,,,,,14,8,3,0,22,18,15,4
14065147,2025-11-22,25/26,11,finished,Borussia Dortmund,Dortmund,borussia-dortmund,VfB Stuttgart,Stuttgart,vfb-stuttgart,3,3,REGULAR,DRAW,,,True,46,54,2.99,1.55,5,2,2,0,14,16,,,,,,,3,3,2,4,9,12,1,1,,,,,340,419,,,,,19,15,,,0,5,,,,,,,,,,,12,10,3,1,9,21,10,5
14065148,2025-11-22,25/26,11,finished,FC Bayern München,Bayern,fc-bayern-munchen,SC Freiburg,Freiburg,sc-freiburg,6,2,REGULAR,HOME_TEAM,,,True,72,28,3.03,0.57,5,0,1,0,22,8,,,,,,,0,2,3,5,7,9,1,0,,,,,711,229,,,,,22,20,,,2,4,,,,,,,,,,,9,7,1,3,15,16,5,9
14065149,2025-11-21,25/26,11,finished,1. FSV Mainz 05,Mainz 05,1-fsv-mainz-05,TSG Hoffenheim,Hoffenheim,tsg-hoffenheim,1,1,REGULAR,DRAW,,,True,45,55,2.03,1.38,5,2,4,2,17,19,,,,,,,4,0,7,4,13,13,3,2,1,0,,,265,339,,,,,30,23,,,7,2,,,,,,,,,,,13,13,2,2,25,21,9,7
14065150,2025-11-22,25/26,11,finished,VfL Wolfsburg,Wolfsburg,vfl-wolfsburg,Bayer 04 Leverkusen,Leverkusen,bayer-04-leverkusen,1,3,REGULAR,AWAY_TEAM,,,True,38,62,2.13,1.1,5,4,4,1,21,7,,,,,,,0,9,9,1,7,12,2,1,,,,,318,603,,,,,15,37,,,9,1,,,,,,,,,,,12,7,1,0,17,17,5,12
14065151,2025-11-23,25/26,11,finished,RB Leipzig,Leipzig,rb-leipzig,SV Werder Bremen,Bremen,sv-werder-bremen,2,0,REGULAR,HOME_TEAM,,,True,52,48,2.1,0.8,4,0,3,0,22,15,,,,,,,5,10,13,7,7,5,1,2,,,,,461,415,,,,,23,23,,,7,6,,,,,,,,,,,5,7,1,2,17,14,7,6
14065152,2025-11-22,25/26,11,finished,FC Augsburg,Augsburg,fc-augsburg,Hamburger SV,HSV,hamburger-sv,1,0,REGULAR,HOME_TEAM,,,True,48,52,1.7,1.36,3,1,2,1,13,15,,,,,,,5,5,4,3,10,13,2,3,1,0,,,356,377,,,,,23,17,,,4,12,,,,,,,,,,,13,10,2,7,13,24,7,9
14065153,2025-11-22,25/26,11,finished,1. FC Heidenheim,Heidenheim,1-fc-heidenheim,Borussia M'gladbach,M'gladbach,borussia-mgladbach,0,3,REGULAR,AWAY_TEAM,,,True,49,51,0.33,2.18,0,3,,,7,16,,,,,,,1,2,4,5,12,12,2,0,,,,,439,468,,,,,18,35,,,4,5,,,,,,,,,,,13,12,3,1,10,21,7,3
14065154,2025-11-23,25/26,11,finished,FC St. Pauli,St. Pauli,fc-st-pauli,1. FC Union Berlin,Union Berlin,1-fc-union-berlin,0,1,REGULAR,AWAY_TEAM,,,True,59,41,0.72,0.55,1,0,1,0,12,7,,,,,,,2,3,8,2,8,10,1,1,,,,,426,302,,,,,19,24,,,3,4,,,,,,,,,,,10,8,1,2,22,22,7,7
14065155,2025-11-22,25/26,11,finished,1. FC Köln,Köln,1-fc-koln,Eintracht Frankfurt,Frankfurt,eintracht-frankfurt,3,4,REGULAR,AWAY_TEAM,,,True,47,53,1.22,1.81,3,4,1,2,11,11,,,,,,,3,2,3,3,5,6,,,,,,,415,495,,,,,34,34,,,6,4,,,,,,,,,,,6,5,4,3,23,17,5,4
14065156,2025-11-29,25/26,12,finished,FC Bayern München,Bayern,fc-bayern-munchen,FC St. Pauli,St. Pauli,fc-st-pauli,3,1,REGULAR,HOME_TEAM,,,True,80,20,2.3,0.64,4,1,1,0,19,10,,,,,,,0,1,10,2,8,5,1,1,,,,,924,176,,,,,39,13,,,7,0,,,,,,,,,,,5,8,3,2,34,13,5,8
14065157,2025-11-30,25/26,12,finished,Eintracht Frankfurt,Frankfurt,eintracht-frankfurt,VfL Wolfsburg,Wolfsburg,vfl-wolfsburg,1,1,REGULAR,DRAW,,,True,54,46,1.59,1.86,2,3,1,2,15,10,,,,,,,2,1,14,1,8,7,1,4,,,,,380,316,,,,,28,15,,,5,7,,,,,,,,,,,7,9,2,3,28,22,7,11
14065158,2025-11-29,25/26,12,finished,Bayer 04 Leverkusen,Leverkusen,bayer-04-leverkusen,Borussia Dortmund,Dortmund,borussia-dortmund,1,2,REGULAR,AWAY_TEAM,,,True,63,37,0.82,0.99,2,3,2,2,14,7,,,,,,,2,3,10,3,9,7,3,4,,,,,546,291,,,,,17,13,,,6,5,,,,,,,,,,,7,9,3,1,18,15,5,11
14065159,2025-11-29,25/26,12,finished,SV Werder Bremen,Bremen,sv-werder-bremen,1. FC Köln,Köln,1-fc-koln,1,1,REGULAR,DRAW,,,True,49,51,1.17,0.94,2,3,1,3,17,10,,,,,,,1,3,4,0,11,11,2,4,1,0,,,400,437,,,,,21,30,,,5,5,,,,,,,,,,,11,11,2,0,18,13,6,12
14065160,2025-11-30,25/26,12,finished,SC Freiburg,Freiburg,sc-freiburg,1. FSV Mainz 05,Mainz 05,1-fsv-mainz-05,4,0,REGULAR,HOME_TEAM,,,True,75,25,4.6,0.11,7,0,4,0,23,1,,,,,,,1,6,6,2,12,9,0,2,0,1,,,642,171,,,,,39,11,,,8,2,,,,,,,,,,,9,12,4,0,26,17,0,8
14065161,2025-12-07,25/26,13,finished,Borussia Dortmund,Dortmund,borussia-dortmund,TSG Hoffenheim,Hoffenheim,tsg-hoffenheim,2,0,REGULAR,HOME_TEAM,,,True,43,57,1.26,1.14,2,2,1,2,8,11,,,,,,,3,2,7,5,9,7,0,2,,,,,293,420,,,,,26,27,,,4,5,,,,,,,,,,,7,9,0,1,20,26,11,4
14065162,2025-11-30,25/26,12,finished,Hamburger SV,HSV,hamburger-sv,VfB Stuttgart,Stuttgart,vfb-stuttgart,2,1,REGULAR,HOME_TEAM,,,True,34,66,0.98,0.75,2,2,0,1,9,14,,,,,,,2,0,4,6,12,16,2,4,1,0,,,200,471,,,,,22,16,,,3,4,,,,,,,,,,,16,12,0,1,19,23,11,4
14065163,2025-11-29,25/26,12,finished,TSG Hoffenheim,Hoffenheim,tsg-hoffenheim,FC Augsburg,Augsburg,fc-augsburg,3,0,REGULAR,HOME_TEAM,,,True,60,40,2.08,0.96,3,0,1,0,17,14,,,,,,,4,1,7,2,9,17,1,0,,,,,504,289,,,,,27,34,,,6,3,,,,,,,,,,,17,9,2,3,14,16,7,10
14065164,2025-11-29,25/26,12,finished,1. FC Union Berlin,Union Berlin,1-fc-union-berlin,1. FC Heidenheim,Heidenheim,1-fc-heidenheim,1,2,REGULAR,AWAY_TEAM,,,True,43,57,0.97,0.59,1,1,,,9,10,,,,,,,0,1,5,5,10,13,3,2,,,,,237,345,,,,,17,37,,,5,2,,,,,,,,,,,13,10,3,2,17,29,10,8
14065165,2025-12-05,25/26,13,finished,1. FSV Mainz 05,Mainz 05,1-fsv-mainz-05,Borussia M'gladbach,M'gladbach,borussia-mgladbach,0,1,REGULAR,AWAY_TEAM,,,True,55,45,0.97,1.85,2,2,2,2,8,14,,,,,,,4,2,8,6,4,12,2,1,,,,,422,325,,,,,23,24,,,4,5,,,,,,,,,,,12,4,1,2,21,24,4,6
14065166,2025-11-28,25/26,12,finished,Borussia M'gladbach,M'gladbach,borussia-mgladbach,RB Leipzig,Leipzig,rb-leipzig,0,0,REGULAR,DRAW,,,True,42,58,0.42,0.93,0,1,0,1,7,20,,,,,,,4,0,5,6,9,9,0,3,,,,,317,509,,,,,21,14,,,4,6,,,,,,,,,,,9,9,5,4,18,19,11,4
14065167,2025-12-06,25/26,13,finished,RB Leipzig,Leipzig,rb-leipzig,Eintracht Frankfurt,Frankfurt,eintracht-frankfurt,6,0,REGULAR,HOME_TEAM,,,True,52,48,3.77,0.65,6,1,2,1,16,8,,,,,,,2,1,4,0,16,9,1,2,,,,,405,358,,,,,27,18,,,3,2,,,,,,,,,,,9,17,1,1,20,16,2,7
14065168,2025-12-06,25/26,13,finished,VfB Stuttgart,Stuttgart,vfb-stuttgart,FC Bayern München,Bayern,fc-bayern-munchen,0,5,REGULAR,AWAY_TEAM,,,True,41,59,0.88,3.54,1,5,1,2,13,19,,,,,,,5,1,3,4,11,5,2,4,1,0,,,307,486,,,,,17,35,,,4,2,,,,,,,,,,,6,11,5,5,8,20,5,7
14065169,2025-12-06,25/26,13,finished,FC Augsburg,Augsburg,fc-augsburg,Bayer 04 Leverkusen,Leverkusen,bayer-04-leverkusen,2,0,REGULAR,HOME_TEAM,,,True,32,68,1.28,1.63,4,3,2,3,13,20,,,,,,,2,4,5,7,6,12,4,3,,,,,256,618,,,,,24,23,,,5,9,,,,,,,,,,,12,6,1,1,12,17,16,3
14065170,2025-12-06,25/26,13,finished,VfL Wolfsburg,Wolfsburg,vfl-wolfsburg,1. FC Union Berlin,Union Berlin,1-fc-union-berlin,3,1,REGULAR,HOME_TEAM,,,True,43,57,0.81,1.92,1,3,0,3,4,21,,,,,,,5,0,0,11,10,12,4,1,,,,,279,363,,,,,24,35,,,0,13,,,,,,,,,,,13,10,1,1,18,29,12,2
14065171,2025-12-06,25/26,13,finished,1. FC Köln,Köln,1-fc-koln,FC St. Pauli,St. Pauli,fc-st-pauli,1,1,REGULAR,DRAW,,,True,58,42,1.91,0.14,4,1,3,1,11,5,,,,,,,0,6,5,4,6,6,0,1,,,,,502,332,,,,,26,19,,,2,2,,,,,,,,,,,6,6,2,3,28,7,5,8
14065172,2025-12-07,25/26,13,finished,Hamburger SV,HSV,hamburger-sv,SV Werder Bremen,Bremen,sv-werder-bremen,3,2,REGULAR,HOME_TEAM,,,True,54,46,1.31,0.75,3,1,2,0,12,10,,,,,,,1,3,5,3,13,8,2,6,,,,,399,315,,,,,17,16,,,6,5,,,,,,,,,,,8,13,1,2,12,21,6,8
14065173,2025-12-06,25/26,13,finished,1. FC Heidenheim,Heidenheim,1-fc-heidenheim,SC Freiburg,Freiburg,sc-freiburg,2,1,REGULAR,HOME_TEAM,,,True,39,61,2.14,1,6,0,4,0,16,16,,,,,,,1,1,8,6,10,11,2,1,,,,,206,369,,,,,27,13,,,4,8,,,,,,,,,,,11,10,1,1,15,22,9,8
14065174,2025-12-14,25/26,14,finished,FC Bayern München,Bayern,fc-bayern-munchen,1. FSV Mainz 05,Mainz 05,1-fsv-mainz-05,2,2,REGULAR,DRAW,,,True,85,15,4.5,0.6,9,2,7,0,24,5,,,,,,,0,8,7,0,7,7,2,2,,,,,885,104,,,,,28,24,,,8,2,,,,,,,,,,,7,8,6,1,29,10,4,8
14065175,2025-12-13,25/26,14,finished,Bayer 04 Leverkusen,Leverkusen,bayer-04-leverkusen,1. FC Köln,Köln,1-fc-koln,2,0,REGULAR,HOME_TEAM,,,True,61,39,2.07,0.2,5,1,4,1,17,5,,,,,,,4,5,8,3,6,8,2,1,,,,,508,289,,,,,16,29,,,7,0,,,,,,,,,,,8,6,1,1,18,10,7,14
14065176,2025-12-13,25/26,14,finished,Eintracht Frankfurt,Frankfurt,eintracht-frankfurt,FC Augsburg,Augsburg,fc-augsburg,1,0,REGULAR,HOME_TEAM,,,True,51,49,1.05,0.62,2,0,2,0,11,12,,,,,,,1,3,2,6,10,14,2,3,,,,,394,363,,,,,19,31,,,1,8,,,,,,,,,,,14,10,3,5,17,12,10,7
14065177,2025-12-14,25/26,14,finished,SC Freiburg,Freiburg,sc-freiburg,Borussia Dortmund,Dortmund,borussia-dortmund,1,1,REGULAR,DRAW,,,True,57,43,1.5,0.93,0,2,0,1,21,9,,,,,,,3,5,6,0,10,11,3,2,0,1,,,423,304,,,,,21,23,,,13,5,,,,,,,,,,,11,10,5,0,15,25,5,8
14065178,2026-03-07,25/26,25,finished,VfL Wolfsburg,Wolfsburg,vfl-wolfsburg,Hamburger SV,HSV,hamburger-sv,1,2,REGULAR,AWAY_TEAM,,,True,52,48,2.2,1.82,4,2,3,0,14,10,,,,,,,5,3,7,3,5,16,3,3,1,0,,,280,267,,,,,20,23,,,7,2,,,,,,,,,,,18,6,3,3,28,22,8,11
14065179,2026-03-07,25/26,25,finished,1. FSV Mainz 05,Mainz 05,1-fsv-mainz-05,VfB Stuttgart,Stuttgart,vfb-stuttgart,2,2,REGULAR,DRAW,,,True,38,62,2.73,0.98,7,1,5,0,18,11,,,,,,,2,3,5,6,12,7,0,2,,,,,228,454,,,,,32,26,,,9,5,,,,,,,,,,,7,12,2,0,20,16,9,8
14065180,2026-03-07,25/26,25,finished,RB Leipzig,Leipzig,rb-leipzig,FC Augsburg,Augsburg,fc-augsburg,2,1,REGULAR,HOME_TEAM,,,True,61,39,2.26,3.24,4,6,3,5,17,16,,,,,,,4,7,6,8,9,7,0,2,,,,,477,264,,,,,23,24,,,6,8,,,,,,,,,,,8,9,1,4,17,15,8,12
14065181,2026-03-08,25/26,25,finished,FC St. Pauli,St. Pauli,fc-st-pauli,Eintracht Frankfurt,Frankfurt,eintracht-frankfurt,0,0,REGULAR,DRAW,,,True,28,72,0.48,0.41,,,,,11,8,,,,,,,2,2,6,5,8,13,2,1,,,,,166,604,,,,,8,31,,,2,3,,,,,,,,,,,13,8,1,1,20,15,2,7
14065182,2026-03-08,25/26,25,finished,1. FC Union Berlin,Union Berlin,1-fc-union-berlin,SV Werder Bremen,Bremen,sv-werder-bremen,1,4,REGULAR,AWAY_TEAM,,,True,26,74,1.19,2.13,1,3,,,9,15,,,,,,,1,1,1,3,12,5,1,3,1,0,,,151,645,,,,,30,29,,,2,3,,,,,,,,,,,5,13,1,1,14,15,9,6
14065185,2026-03-07,25/26,25,finished,1. FC Köln,Köln,1-fc-koln,Borussia Dortmund,Dortmund,borussia-dortmund,1,2,REGULAR,AWAY_TEAM,,,True,39,61,1.28,2,0,3,0,1,14,13,,,,,,,3,4,9,4,13,9,1,1,1,0,,,292,538,,,,,26,29,,,8,4,,,,,,,,,,,9,13,5,2,11,15,4,8
14065186,2026-03-07,25/26,25,finished,1. FC Heidenheim,Heidenheim,1-fc-heidenheim,TSG Hoffenheim,Hoffenheim,tsg-hoffenheim,2,4,REGULAR,AWAY_TEAM,,,True,46,54,1.04,2.29,1,4,0,1,8,16,,,,,,,3,1,4,3,15,7,,,,,,,253,329,,,,,38,27,,,4,2,,,,,,,,,,,7,15,4,1,17,30,14,9
15362425,2026-01-27,25/26,16,finished,SV Werder Bremen,Bremen,sv-werder-bremen,TSG Hoffenheim,Hoffenheim,tsg-hoffenheim,0,2,REGULAR,AWAY_TEAM,,,True,59,41,1.81,0.61,1,1,1,0,26,12,,,,,,,1,3,6,7,10,7,2,2,0,1,,,423,278,,,,,40,14,,,8,5,,,,,,,,,,,7,10,2,1,30,20,7,10
15362429,2026-01-27,25/26,16,finished,FC St. Pauli,St. Pauli,fc-st-pauli,RB Leipzig,Leipzig,rb-leipzig,1,1,REGULAR,DRAW,,,True,46,54,1.45,1.04,2,2,1,2,7,12,,,,,,,5,1,4,3,7,6,0,1,,,,,398,508,,,,,21,21,,,2,4,,,,,,,,,,,6,8,5,3,20,22,9,6
15380505,2026-03-04,25/26,17,finished,Hamburger SV,HSV,hamburger-sv,Bayer 04 Leverkusen,Leverkusen,bayer-04-leverkusen,0,1,REGULAR,AWAY_TEAM,,,True,37,63,1.27,1.89,3,5,3,4,10,14,,,,,,,3,3,2,7,11,12,0,2,,,,,249,476,,,,,25,16,,,3,9,,,,,,,,,,,12,11,0,2,18,23,15,5
